GovernmentName,District_ID,audit_name,raw_equal,reformed,all_audit_ids,tbrb_yrs,years,tbrb_prin_med_M,confidence
NORTH TEXAS MWD,6010000,NORTH TEXAS MWD,TRUE,FALSE,6010000,19,2007-2025,1732.42,HIGH
LOWER COLORADO RA,5460000,LOWER COLORADO RIVER AUTHORITY,FALSE,FALSE,5460000,19,2007-2025,1538.18,HIGH
PORT OF HOUSTON AUTHORITY,7133000,PORT OF HOUSTON AUTHORITY,TRUE,FALSE,7133000,19,2007-2025,690.22,HIGH
HARRIS COUNTY FCD,3630000,HARRIS COUNTY FCD,TRUE,FALSE,3630000,19,2007-2025,647.93,HIGH
SAN JACINTO RA,7490000,SAN JACINTO RIVER AUTHORITY,FALSE,FALSE,7490000,19,2007-2025,547.86,HIGH
NORTH FORT BEND WA,5983545,NORTH FORT BEND WATER AUTHORITY,FALSE,FALSE,5983545,17,2009-2025,333.89,HIGH
UPPER TRINITY REGIONAL WD,8149000,UPPER TRINITY REGIONAL WATER DISTRICT,FALSE,FALSE,8149000,19,2007-2025,245.42,HIGH
MIDLAND COUNTY FWSD 1,5846750,MIDLAND COUNTY FWSD 1,TRUE,FALSE,5846750,11,2012-2022,221.34,HIGH
PORT OF CORPUS CHRISTI AUTHORITY,7132500,PORT OF CORPUS CHRISTI AUTHORITY,TRUE,FALSE,7132500,16,2007-2025,188.51,HIGH
BEXAR METROPOLITAN WD,1540000,BEXAR METROPOLITAN WATER DISTRICT,FALSE,FALSE,1540000,5,2007-2011,170.64,HIGH
PORT OF BEAUMONT ND,7130000,PORT OF BEAUMONT NAVIGATION DISTRICT,FALSE,FALSE,7130000,19,2007-2025,165.43,HIGH
HARRIS COUNTY ID 18,3736454,HARRIS COUNTY IMPROVEMENT DISTRICT 18,FALSE,FALSE,3736454,13,2013-2025,159.77,HIGH
HIDALGO COUNTY DD 1,4440000,HIDALGO COUNTY DRAINAGE DISTRICT 1,FALSE,FALSE,4440000,19,2007-2025,157.7,HIGH
HARRIS-MONTGOMERY COUNTIES MUD 386,3738430,HARRIS-MONTGOMERY COUNTIES MUD 386,TRUE,FALSE,3738430,16,2010-2025,142.96,HIGH
CANADIAN RIVER MWA,2253000,CANADIAN RIVER MUNICIPAL WATER AUTHORITY,FALSE,FALSE,2253000,19,2007-2025,142.38,HIGH
GUADALUPE-BLANCO RA,3422000,GUADALUPE-BLANCO RIVER AUTHORITY,FALSE,FALSE,3422000,19,2007-2025,137.94,HIGH
NORTH PARKWAY MMD 1,5998000,NORTH PARKWAY MMD 1,TRUE,FALSE,5998000,4,2022-2025,127.18,HIGH
COLORADO RIVER MWD,2380000,COLORADO RIVER MWD,TRUE,FALSE,2380000,19,2007-2025,124.66,HIGH
FORT BEND COUNTY MUD 058,3080008,FORT BEND COUNTY MUD 58,FALSE,FALSE,3080008,17,2009-2025,121.34,HIGH
HARRIS COUNTY MUD 489,2896289,HARRIS COUNTY MUD 489,TRUE,FALSE,2896289,7,2019-2025,115.76,HIGH
CINCO SOUTHWEST MUD 1,2286766,CINCO SOUTHWEST MUD 1,TRUE,FALSE,2286766,18,2008-2025,111.04,HIGH
COASTAL WA,2309000,COASTAL WATER AUTHORITY,FALSE,FALSE,2309000,19,2007-2025,106.46,HIGH
HARRIS COUNTY MUD 165,3737388,HARRIS COUNTY MUD 165,TRUE,FALSE,3737388,19,2007-2025,104.86,HIGH
HARRIS COUNTY MUD 500,3737121,HARRIS COUNTY MUD 500,TRUE,FALSE,3737121,15,2011-2025,102.23,HIGH
FORT BEND COUNTY MUD 169,3079429,FORT BEND COUNTY MUD 169,TRUE,FALSE,3079429,16,2010-2025,101.87,HIGH
SIENNA PARKS & LID,7573000,SIENNA PARKS & LID OF FORT BEND COUNTY TEXAS,FALSE,FALSE,7573000,19,2007-2025,99.7,HIGH
HARRIS COUNTY MUD 419,3737137,HARRIS COUNTY MUD 419,TRUE,FALSE,3737137,18,2008-2025,99.41,HIGH
NORTHWEST HARRIS COUNTY MUD 05,6041100,NORTHWEST HARRIS COUNTY MUD 5,FALSE,FALSE,6041100,19,2007-2025,97.28,HIGH
BELL COUNTY WCID 1,1220000,BELL COUNTY WCID 1,TRUE,FALSE,1220000,19,2007-2025,95.04,HIGH
FORT BEND COUNTY MUD 025,3079915,FORT BEND COUNTY MUD 25,FALSE,FALSE,3079915,19,2007-2025,95.03,HIGH
FORT BEND COUNTY MUD 134B,3081099,FORT BEND COUNTY MUD 134B,TRUE,FALSE,3081099,10,2016-2025,94.66,HIGH
MONTGOMERY COUNTY MUD 113,5856577,MONTGOMERY COUNTY MUD 113,TRUE,FALSE,5856577,15,2011-2025,93.27,HIGH
FORT BEND COUNTY MUD 134C,3081165,FORT BEND COUNTY MUD 134C,TRUE,FALSE,3081165,15,2011-2025,89.5,HIGH
MONTGOMERY COUNTY MUD 46,5858050,MONTGOMERY COUNTY MUD 46,TRUE,FALSE,5858050,19,2007-2025,86.96,HIGH
VIRIDIAN MMD,8324750,VIRIDIAN MUNICIPAL MANAGEMENT DISTRICT,FALSE,FALSE,8324750,15,2011-2025,84.9,HIGH
GENERATION PARK MANAGEMENT DISTRICT,5684500,GENERATION PARK MANAGEMENT DISTRICT,TRUE,FALSE,5684500,11,2015-2025,84.76,HIGH
CLEAR LAKE CITY WA,2306000,CLEAR LAKE CITY WATER AUTHORITY,FALSE,FALSE,2306000,19,2007-2025,79.31,HIGH
FORT BEND COUNTY LID 015,3073755,FORT BEND COUNTY LID 15,FALSE,FALSE,3073755,19,2007-2025,76.36,HIGH
BRIDGESTONE MUD,1703000,BRIDGESTONE MUD,TRUE,FALSE,1703000,19,2007-2025,74.86,HIGH
BRAZOSPORT WA,1668500,BRAZOSPORT WATER AUTHORITY,FALSE,FALSE,1668500,19,2007-2025,73.41,HIGH
BRAZOS RA,1685000,BRAZOS RIVER AUTHORITY,FALSE,FALSE,1685000,19,2007-2025,72.75,HIGH
COLLIN COUNTY MUD 01,2328500,COLLIN COUNTY MUD 1,FALSE,FALSE,2328500,11,2015-2025,72.67,HIGH
FORT BEND COUNTY WCID 2,3090000,FORT BEND COUNTY WCID 2,TRUE,FALSE,3090000,19,2007-2025,71.06,HIGH
BELMONT FWSD 1,1258525,BELMONT FWSD 1,TRUE,FALSE,1258525,10,2016-2025,71.01,HIGH
FORT BEND COUNTY MUD 128,3083437,FORT BEND COUNTY MUD 128,TRUE,FALSE,3083437,15,2011-2025,68.69,HIGH
CINCO MUD 01,2286716,CINCO MUD 1,FALSE,FALSE,2286716,19,2007-2025,66.74,HIGH
FORT BEND COUNTY MUD 142,3084951,FORT BEND COUNTY MUD 142,TRUE,FALSE,3084951,19,2007-2025,66.2,HIGH
MCKINNEY MUD 1,5790750,MCKINNEY MUD 1,TRUE,FALSE,5790750,10,2016-2025,63.68,HIGH
MONTGOMERY COUNTY MUD 119,5857532,MONTGOMERY COUNTY MUD 119,TRUE,FALSE,5857532,14,2012-2025,63.6,HIGH
HARRIS COUNTY MUD 171,3737410,HARRIS COUNTY MUD 171,TRUE,FALSE,3737410,8,2018-2025,63.02,HIGH
CLEAR BROOK CITY MUD,2297000,CLEAR BROOK CITY MUD,TRUE,FALSE,2297000,19,2007-2025,62.75,HIGH
FORT BEND COUNTY MUD 030,3079950,FORT BEND COUNTY MUD 30,FALSE,FALSE,3079950,19,2007-2025,62.17,HIGH
PORT FREEPORT,7128700,PORT FREEPORT,TRUE,FALSE,7128700,19,2007-2025,61.94,HIGH
HORIZON REGIONAL MUD,2853000,HORIZON REGIONAL MUD,TRUE,FALSE,2853000,19,2007-2025,60.2,HIGH
FORT BEND COUNTY MUD 023,3079800,FORT BEND COUNTY MUD 23,FALSE,FALSE,3079800,19,2007-2025,59.38,HIGH
FORT BEND COUNTY MUD 151,3079389,FORT BEND COUNTY MUD 151,TRUE,FALSE,3079389,19,2007-2025,59.26,HIGH
HARRIS COUNTY MUD 433,3737173,HARRIS COUNTY MUD 433,TRUE,FALSE,3737173,12,2014-2025,58.64,HIGH
FORT BEND COUNTY MUD 133,3077163,FORT BEND COUNTY MUD 133,TRUE,FALSE,3077163,17,2009-2025,58.47,HIGH
NUECES RA,6125000,NUECES RIVER AUTHORITY,FALSE,FALSE,6125000,19,2007-2025,58.24,HIGH
CEDAR PORT NAVIGATION & ID,2265300,CEDAR PORT NAVIGATION AND IMPROVEMENT DISTRICT,FALSE,FALSE,2265300,19,2007-2025,57.83,HIGH
THE LAKES FWSD,6074000,THE LAKES FWSD,TRUE,FALSE,6074000,7,2019-2025,57.67,HIGH
DENTON COUNTY FWSD 07,2721850,DENTON COUNTY FWSD 7,FALSE,FALSE,2721850,19,2007-2025,57.18,HIGH
BRAZORIA-FORT BEND COUNTIES MUD 1,1664250,BRAZORIA-FORT BEND COUNTIES MUD 1,TRUE,FALSE,1664250,19,2007-2025,56.62,HIGH
HARRIS COUNTY MUD 368,3738300,HARRIS COUNTY MUD 368,TRUE,FALSE,3738300,19,2007-2025,56.24,HIGH
SIENNA MUD 04,7573700,SIENNA MUD 4,FALSE,FALSE,7573700,9,2017-2025,56.19,HIGH
TRAVIS COUNTY MUD 04,7822400,TRAVIS COUNTY MUD 4,FALSE,FALSE,7822400,19,2007-2025,56.11,HIGH
FORT BEND COUNTY LID 017,3073758,FORT BEND COUNTY LID 17,FALSE,FALSE,3073758,19,2007-2025,55.15,HIGH
NORTHWEST HARRIS COUNTY MUD 19,6041565,NORTHWEST HARRIS COUNTY MUD 19,TRUE,FALSE,6041565,19,2007-2025,54.87,HIGH
REMINGTON MUD 1,7281250,REMINGTON MUD 1,TRUE,FALSE,7281250,19,2007-2025,54.45,HIGH
SUNFIELD MUD 04,7632875,SUNFIELD MUD 4,FALSE,FALSE,7632875,4,2022-2025,54.37,HIGH
HARRIS COUNTY MUD 285,3737764,HARRIS COUNTY MUD 285,TRUE,FALSE,3737764,19,2007-2025,53.88,HIGH
HARRIS-WALLER COUNTIES MUD 04,4036617,HARRIS-WALLER COUNTIES MUD 4,FALSE,FALSE,4036617,3,2023-2025,53.22,HIGH
HARRIS COUNTY MUD 167,3737402,HARRIS COUNTY MUD 167,TRUE,FALSE,3737402,19,2007-2025,52.98,HIGH
LOWER NECHES VALLEY AUTHORITY,5480000,LOWER NECHES VALLEY AUTHORITY,TRUE,FALSE,5480000,19,2007-2025,52.63,HIGH
PECAN GROVE MUD,7039000,PECAN GROVE MUD,TRUE,FALSE,7039000,19,2007-2025,51.99,HIGH
NORTHLAKE MMD 1,5991750,NORTHLAKE MMD 1,TRUE,FALSE,5991750,5,2021-2025,51.76,HIGH
HARRIS COUNTY MUD 495,3739608,HARRIS COUNTY MUD 495,TRUE,FALSE,3739608,9,2017-2025,51.56,HIGH
CYPRESS HILL MUD 1,2412750,CYPRESS HILL MUD 1,TRUE,FALSE,2412750,19,2007-2025,51.43,HIGH
DENTON COUNTY FWSD 06,2721848,DENTON COUNTY FWSD 6,FALSE,FALSE,2721848,19,2007-2025,50.86,HIGH
UPPER BRUSHY CREEK WCID,8100500,UPPER BRUSHY CREEK WCID,TRUE,FALSE,8100500,4,2022-2025,50.62,HIGH
SIENNA PLANTATION MUD 12,7573918,SIENNA PLANTATION MUD 12,TRUE,FALSE,7573918,19,2007-2025,50.53,HIGH
HARRIS COUNTY MUD 490,3737124,HARRIS COUNTY MUD 490,TRUE,FALSE,3737124,3,2023-2025,50.34,HIGH
HARRIS COUNTY MUD 290,3737774,HARRIS COUNTY MUD 290,TRUE,FALSE,3737774,19,2007-2025,50.34,HIGH
HARRIS COUNTY MUD 558,9000002,HARRIS COUNTY MUD 558,TRUE,FALSE,9000002,5,2021-2025,50.1,HIGH
GALVESTON COUNTY MUD 56,3179826,GALVESTON COUNTY MUD 56,TRUE,FALSE,3179826,8,2018-2025,49.92,HIGH
DENTON COUNTY MUD 6,2722060,DENTON COUNTY MUD 6,TRUE,FALSE,2722060,6,2020-2025,49.63,HIGH
FORT BEND COUNTY MUD 182,3079475,FORT BEND COUNTY MUD 182,TRUE,FALSE,3079475,10,2016-2025,49.5,HIGH
SAN ANTONIO RA,7410000,SAN ANTONIO RIVER AUTHORITY,FALSE,FALSE,7410000,19,2007-2025,49.34,HIGH
COMAL COUNTY WCID 6,2393850,COMAL COUNTY WCID 6,TRUE,FALSE,2393850,7,2019-2025,48.74,HIGH
HARRIS COUNTY MUD 423,3737160,HARRIS COUNTY MUD 423,TRUE,FALSE,3737160,6,2020-2025,48.25,HIGH
KAUFMAN COUNTY FWSD 4A,5159994,KAUFMAN COUNTY FWSD 4A,TRUE,FALSE,5159994,5,2021-2025,47.9,HIGH
MONTGOMERY COUNTY MUD 128A,5865089,MONTGOMERY COUNTY MUD 128A,TRUE,FALSE,5865089,5,2021-2025,47.8,HIGH
HARRIS COUNTY MUD 400,3737131,HARRIS COUNTY MUD 400,TRUE,FALSE,3737131,19,2007-2025,47.53,HIGH
LAVACA-NAVIDAD RA,5373000,LAVACA-NAVIDAD RIVER AUTHORITY,FALSE,FALSE,5373000,19,2007-2025,47.34,HIGH
HARRIS COUNTY WCID 096,4225000,HARRIS COUNTY WCID 96,FALSE,FALSE,4225000,19,2007-2025,47.2,HIGH
IMPERIAL REDEVELOPMENT DISTRICT,4703000,IMPERIAL REDEVELOPMENT DISTRICT,TRUE,FALSE,4703000,9,2017-2025,47.03,HIGH
FORT BEND COUNTY MUD 215,3086775,FORT BEND COUNTY MUD 215,TRUE,FALSE,3086775,8,2018-2025,46.84,HIGH
HARRIS COUNTY MUD 449,3737147,HARRIS COUNTY MUD 449,TRUE,FALSE,3737147,10,2016-2025,46.81,HIGH
SPRING CREEK UD,7591800,SPRING CREEK UTILITY DISTRICT,FALSE,FALSE,7591800,19,2007-2025,46.59,HIGH
WILLIAMSON COUNTY MUD 12,8664558,WILLIAMSON COUNTY MUD 12,TRUE,FALSE,8664558,10,2016-2025,46.4,HIGH
BRUSHY CREEK MUD,1738000,BRUSHY CREEK MUD,TRUE,FALSE,1738000,19,2007-2025,46.23,HIGH
HARRIS-WALLER COUNTIES MUD 03,3994019,HARRIS-WALLER COUNTIES MUD 3,FALSE,FALSE,3994019,9,2017-2025,45.98,HIGH
HARRIS COUNTY MUD 406,3737145,HARRIS COUNTY MUD 406,TRUE,FALSE,3737145,15,2011-2025,45.49,HIGH
LAZY NINE MUD 1B,5374500,LAZY NINE MUD 1B,TRUE,FALSE,5374500,12,2014-2025,45.48,HIGH
FORT BEND COUNTY MUD 050,3079989,FORT BEND COUNTY MUD 50,FALSE,FALSE,3079989,19,2007-2025,45.37,HIGH
GULF COAST WA,3444100,GULF COAST WATER AUTHORITY,FALSE,FALSE,3444100,19,2007-2025,45.34,HIGH
MAGNOLIA POINTE MUD 1,2743750,MAGNOLIA POINTE MUD 1,TRUE,FALSE,2743750,6,2020-2025,45.15,HIGH
HARRIS COUNTY MUD 536,3747156,HARRIS COUNTY MUD 536,TRUE,FALSE,3747156,7,2019-2025,44.8,HIGH
HIGHWAY 380 MMD 01,4636875,HIGHWAY 380 MMD 1,FALSE,FALSE,4636875,9,2017-2025,44.74,HIGH
FORT BEND COUNTY MUD 134E,3081215,FORT BEND COUNTY MUD 134E,TRUE,FALSE,3081215,6,2020-2025,44.16,HIGH
HARRIS COUNTY MUD 071,3737190,HARRIS COUNTY MUD 71,FALSE,FALSE,3737190,19,2007-2025,43.85,HIGH
HARRIS COUNTY MUD 391,3738440,HARRIS COUNTY MUD 391,TRUE,FALSE,3738440,19,2007-2025,43.62,HIGH
HARRIS COUNTY MUD 504,3737237,HARRIS COUNTY MUD 504,TRUE,FALSE,3737237,10,2016-2025,43.54,HIGH
TIMBER LANE UD,7786000,TIMBER LANE UTILITY DISTRICT,FALSE,FALSE,7786000,19,2007-2025,43.23,HIGH
FULSHEAR MUD 3A,3128438,FULSHEAR MUD 3A,TRUE,FALSE,3128438,8,2018-2025,43.02,HIGH
COLLIN COUNTY WCID 3,2325500,COLLIN COUNTY WCID 3,TRUE,FALSE,2325500,10,2016-2025,42.94,HIGH
HARRIS COUNTY MUD 001,3737050,HARRIS COUNTY MUD 1,FALSE,FALSE,3737050,19,2007-2025,42.87,HIGH
GALVESTON COUNTY MUD 45,3191113,GALVESTON COUNTY MUD 45,TRUE,FALSE,3191113,10,2016-2025,42.67,HIGH
SIENA MUD 1,7572400,SIENA MUD 1,TRUE,FALSE,7572400,10,2016-2025,42.51,HIGH
MONTGOMERY COUNTY MUD 105,5857448,MONTGOMERY COUNTY MUD 105,TRUE,FALSE,5857448,9,2017-2025,42.34,HIGH
BRAZORIA COUNTY MUD 26,1636662,BRAZORIA COUNTY MUD 26,TRUE,FALSE,1636662,16,2007-2022,41.82,HIGH
WILLIAMSON COUNTY MUD 28,8664489,WILLIAMSON COUNTY MUD 28,TRUE,FALSE,8664489,8,2018-2025,41.34,HIGH
HARRIS COUNTY WCID 089,4190000,HARRIS COUNTY WCID 89,FALSE,FALSE,4190000,19,2007-2025,41.05,HIGH
MONTGOMERY COUNTY MUD 115,5857517,MONTGOMERY COUNTY MUD 115,TRUE,FALSE,5857517,16,2010-2025,40.83,HIGH
BRAZORIA COUNTY MUD 56,1636538,BRAZORIA COUNTY MUD 56,TRUE,FALSE,1636538,4,2022-2025,40.76,HIGH
MONTGOMERY COUNTY MUD 111,5853755,MONTGOMERY COUNTY MUD 111,TRUE,FALSE,5853755,5,2021-2025,40.63,HIGH
TRADITION MUD 2B OF DENTON COUNTY,7810625,TRADITION MUD 2B,FALSE,FALSE,7810625,3,2023-2025,40.59,HIGH
FORT BEND COUNTY MUD 134D,3081198,FORT BEND COUNTY MUD 134D,TRUE,FALSE,3081198,9,2017-2025,40.58,HIGH
ECTOR COUNTY UD,2816000,ECTOR COUNTY UTILITY DISTRICT,FALSE,FALSE,2816000,6,2020-2025,40.45,HIGH
FORT BEND COUNTY MUD 194,3076125,FORT BEND COUNTY MUD 194,TRUE,FALSE,3076125,12,2014-2025,40.38,HIGH
CONROE MMD 1,2402923,CONROE MMD 1,TRUE,FALSE,2402923,8,2018-2025,40.36,HIGH
HARRIS COUNTY WCID 157,4033250,HARRIS COUNTY WCID 157,TRUE,FALSE,4033250,19,2007-2025,40.12,HIGH
SUNFIELD MUD 3,7632850,SUNFIELD MUD 3,TRUE,FALSE,7632850,9,2017-2025,40.1,HIGH
HARRIS COUNTY MUD 278,3737746,HARRIS COUNTY MUD 278,TRUE,FALSE,3737746,19,2007-2025,39.76,HIGH
FAR NORTH FORT WORTH MUD 1,3023500,FAR NORTH FORT WORTH MUD 1,TRUE,FALSE,3023500,4,2022-2025,39.62,HIGH
SIENNA MUD 06,7573800,SIENNA MUD 6,FALSE,FALSE,7573800,5,2021-2025,39.49,HIGH
FORT BEND COUNTY MUD 057,3080006,FORT BEND COUNTY MUD 57,FALSE,FALSE,3080006,18,2008-2025,39.3,HIGH
WILLIAMSON COUNTY MUD 23,8664438,WILLIAMSON COUNTY MUD 23,TRUE,FALSE,8664438,8,2018-2025,38.84,HIGH
TRAVIS COUNTY WCID 10,7920000,TRAVIS COUNTY WCID 10,TRUE,FALSE,7920000,13,2007-2025,38.76,HIGH
LOWER VALLEY WD,5505000,LOWER VALLEY WATER DISTRICT,FALSE,FALSE,5505000,19,2007-2025,38.59,HIGH
HARRIS COUNTY MUD 319,3737834,HARRIS COUNTY MUD 319,TRUE,FALSE,3737834,7,2019-2025,38.53,HIGH
FORT BEND COUNTY MUD 190,3077250,FORT BEND COUNTY MUD 190,TRUE,FALSE,3077250,6,2020-2025,38.17,HIGH
HARRIS-FORT BEND COUNTIES MUD 3,4418004,HARRIS FORT BEND COUNTIES MUD 3,FALSE,FALSE,4418004,17,2009-2025,37.88,HIGH
HARRIS COUNTY MUD 157,3737372,HARRIS COUNTY MUD 157,TRUE,FALSE,3737372,19,2007-2025,37.82,HIGH
HARRIS COUNTY MUD 468,3737112,HARRIS COUNTY MUD 468,TRUE,FALSE,3737112,18,2008-2025,37.78,HIGH
CHAMBERS COUNTY ID 2,2265400,CHAMBERS COUNTY IMPROVEMENT DISTRICT 2,FALSE,FALSE,2265400,9,2017-2025,37.69,HIGH
BRAZORIA-FORT BEND COUNTIES MUD 3,1663875,BRAZORIA-FORT BEND COUNTIES MUD 3,TRUE,FALSE,1663875,4,2022-2025,37.22,HIGH
BRAZORIA COUNTY MUD 22,1636654,BRAZORIA COUNTY MUD 22,TRUE,FALSE,1636654,10,2016-2025,37.21,HIGH
HARRIS COUNTY MUD 105,3737258,HARRIS COUNTY MUD 105,TRUE,FALSE,3737258,19,2007-2025,37.06,HIGH
FORT BEND COUNTY MUD 146,3080007,FORT BEND COUNTY MUD 146,TRUE,FALSE,3080007,19,2007-2025,36.84,HIGH
HARRIS COUNTY WCID 161,3832500,HARRIS COUNTY WCID 161,TRUE,FALSE,3832500,9,2017-2025,36.62,HIGH
BRAZORIA COUNTY MUD 53,1636519,BRAZORIA COUNTY MUD 53,TRUE,FALSE,1636519,4,2022-2025,36.46,HIGH
TRAVIS COUNTY MUD 21,7822150,TRAVIS COUNTY MUD 21,TRUE,FALSE,7822150,10,2016-2025,36.44,HIGH
BRAZORIA COUNTY MUD 28,1636666,BRAZORIA COUNTY MUD 28,TRUE,FALSE,1636666,19,2007-2025,36.35,HIGH
NORTHWEST HARRIS COUNTY MUD 10,6041400,NORTHWEST HARRIS COUNTY MUD 10,TRUE,FALSE,6041400,19,2007-2025,36.33,HIGH
WILLOW FORK DD,8674000,WILLOW FORK DRAINAGE DISTRICT,FALSE,FALSE,8674000,19,2007-2025,36.28,HIGH
BRAZORIA COUNTY MUD 55,1636525,BRAZORIA COUNTY MUD 55,TRUE,FALSE,1636525,9,2017-2025,36.12,HIGH
PORT OF PORT ARTHUR ND,7145000,PORT OF PORT ARTHUR NAVIGATION DISTRICT,FALSE,FALSE,7145000,19,2007-2025,36.07,HIGH
FORT BEND COUNTY LID 019,3072379,FORT BEND COUNTY LID 19,FALSE,FALSE,3072379,17,2009-2025,36.06,HIGH
HARRIS COUNTY MUD 287,3737768,HARRIS COUNTY MUD 287,TRUE,FALSE,3737768,15,2011-2025,36.03,HIGH
KAUFMAN COUNTY MUD 04,5189382,KAUFMAN COUNTY MUD 4,FALSE,FALSE,5189382,7,2019-2025,35.88,HIGH
MONTGOMERY COUNTY MUD 112,5855636,MONTGOMERY COUNTY MUD 112,TRUE,FALSE,5855636,16,2010-2025,35.84,HIGH
HARRIS COUNTY WCID 159,3877063,HARRIS COUNTY WCID 159,TRUE,FALSE,3877063,6,2020-2025,35.71,HIGH
FORT BEND COUNTY MUD 187,3079491,FORT BEND COUNTY MUD 187,TRUE,FALSE,3079491,13,2013-2025,34.97,HIGH
EAST MONTGOMERY COUNTY MUD 12,2801782,EAST MONTGOMERY COUNTY MUD 12,TRUE,FALSE,2801782,3,2023-2025,34.94,HIGH
MONTGOMERY COUNTY MUD 121,5857535,MONTGOMERY COUNTY MUD 121,TRUE,FALSE,5857535,5,2021-2025,34.62,HIGH
FORT BEND COUNTY MUD 118,3084800,FORT BEND COUNTY MUD 118,TRUE,FALSE,3084800,19,2007-2025,34.43,HIGH
BRAZORIA COUNTY MUD 40,1636125,BRAZORIA COUNTY MUD 40,TRUE,FALSE,1636125,6,2020-2025,34.39,HIGH
HARRIS COUNTY MUD 374,3738402,HARRIS COUNTY MUD 374,TRUE,FALSE,3738402,19,2007-2025,33.69,HIGH
FORT BEND COUNTY MUD 035,3079960,FORT BEND COUNTY MUD 35,FALSE,FALSE,3079960,19,2007-2025,33.69,HIGH
WEST HARRIS COUNTY MUD 11,8472964,WEST HARRIS COUNTY MUD 11,TRUE,FALSE,8472964,19,2007-2025,33.55,HIGH
FRISCO WEST WCID OF DENTON COUNTY,2721812,FRISCO WEST WCID,FALSE,FALSE,2721812,19,2007-2025,33.49,HIGH
HARRIS COUNTY FWSD 61,3733010,HARRIS COUNTY FWSD 61,TRUE,FALSE,3733010,19,2007-2025,33.37,HIGH
COLLIN COUNTY MUD 02,2326001,COLLIN COUNTY MUD 2,FALSE,FALSE,2326001,5,2021-2025,33.16,HIGH
CIBOLO CREEK MUNICIPAL AUTHORITY,2286000,CIBOLO CREEK MUNICIPAL AUTHORITY,TRUE,FALSE,2286000,19,2007-2025,33.02,HIGH
FORT BEND COUNTY MUD 174,3079437,FORT BEND COUNTY MUD 174,TRUE,FALSE,3079437,5,2021-2025,32.84,HIGH
HARRIS-WALLER COUNTIES MUD 05,4057916,HARRIS-WALLER COUNTIES MUD 5,FALSE,FALSE,4057916,3,2023-2025,32.84,HIGH
FORT BEND COUNTY MUD 121,3084870,FORT BEND COUNTY MUD 121,TRUE,FALSE,3084870,19,2007-2025,32.76,HIGH
HARRIS COUNTY MUD 049,3737146,HARRIS COUNTY MUD 49,FALSE,FALSE,3737146,19,2007-2025,32.49,HIGH
BRAZORIA COUNTY MUD 19,1636650,BRAZORIA COUNTY MUD 19,TRUE,FALSE,1636650,19,2007-2025,32.45,HIGH
SOUTHEAST WILLIAMSON COUNTY MUD 1,7579040,SOUTHEAST WILLIAMSON COUNTY MUD 1,TRUE,FALSE,7579040,7,2019-2025,32.34,HIGH
HARRIS COUNTY MUD 534,4380137,HARRIS COUNTY MUD 534,TRUE,FALSE,4380137,3,2023-2025,32.21,HIGH
BROOKFIELD WCID,7579300,BROOKFIELD WCID,TRUE,FALSE,7579300,3,2023-2025,31.91,HIGH
GRAND MISSION MUD 1,3403050,GRAND MISSION MUD 1,TRUE,FALSE,3403050,19,2007-2025,31.88,HIGH
WILLIAMSON COUNTY MUD 19,8664035,WILLIAMSON COUNTY MUD 19,TRUE,FALSE,8664035,10,2016-2025,31.86,HIGH
HARRIS COUNTY MUD 213A,3737496,HARRIS COUNTY MUD 213A,TRUE,FALSE,3737496,5,2021-2025,31.77,HIGH
HARRIS COUNTY MUD 457,3737199,HARRIS COUNTY MUD 457,TRUE,FALSE,3737199,8,2018-2025,31.75,HIGH
HARRIS COUNTY MUD 383,3738424,HARRIS COUNTY MUD 383,TRUE,FALSE,3738424,19,2007-2025,31.68,HIGH
HAYS COUNTY WCID 2,4420910,HAYS COUNTY WCID 2,TRUE,FALSE,4420910,15,2011-2025,31.45,HIGH
HARRIS COUNTY MUD 026,3737100,HARRIS COUNTY MUD 26,FALSE,FALSE,3737100,19,2007-2025,31.3,HIGH
FORT BEND COUNTY MUD 138,3081762,FORT BEND COUNTY MUD 138,TRUE,FALSE,3081762,19,2007-2025,31.2,HIGH
ORANGE COUNTY WCID 1,6230000,ORANGE COUNTY WCID 1,TRUE,FALSE,6230000,19,2007-2025,31.19,HIGH
SAN PATRICIO MWD,7520000,SAN PATRICIO MWD,TRUE,FALSE,7520000,19,2007-2025,31.19,HIGH
GALVESTON COUNTY MUD 46,3196757,GALVESTON COUNTY MUD 46,TRUE,FALSE,3196757,17,2009-2025,30.74,HIGH
CRANE COUNTY WD,2404900,CRANE COUNTY WATER DISTRICT,FALSE,FALSE,2404900,10,2016-2025,30.69,HIGH
BRAZORIA COUNTY MUD 31,1635594,BRAZORIA COUNTY MUD 31,TRUE,FALSE,1635594,16,2010-2025,30.68,HIGH
FORT BEND COUNTY MUD 116,3084500,FORT BEND COUNTY MUD 116,TRUE,FALSE,3084500,19,2007-2025,30.59,HIGH
BROWNSVILLE ND,1730000,BROWNSVILLE NAVIGATION DISTRICT,FALSE,FALSE,1730000,19,2007-2025,30.58,HIGH
FORT BEND COUNTY MUD 123,3084880,FORT BEND COUNTY MUD 123,TRUE,FALSE,3084880,19,2007-2025,30.58,HIGH
WILLIAMSON COUNTY MUD 15,8664245,WILLIAMSON COUNTY MUD 15,TRUE,FALSE,8664245,13,2013-2025,30.44,HIGH
BRAZORIA COUNTY MUD 34,1635625,BRAZORIA COUNTY MUD 34,TRUE,FALSE,1635625,18,2008-2025,30.43,HIGH
BRAZORIA COUNTY MUD 39,1635938,BRAZORIA COUNTY MUD 39,TRUE,FALSE,1635938,9,2017-2025,30.41,HIGH
HARRIS COUNTY MUD 432,3737141,HARRIS COUNTY MUD 432,TRUE,FALSE,3737141,14,2012-2025,30.39,HIGH
HARRIS COUNTY MUD 390,3738438,HARRIS COUNTY MUD 390,TRUE,FALSE,3738438,19,2007-2025,30.38,HIGH
MEADOWHILL REGIONAL MUD,5798010,MEADOWHILL REGIONAL MUD,TRUE,FALSE,5798010,19,2007-2025,30.3,HIGH
HARRIS COUNTY WCID 119,4241190,HARRIS COUNTY WCID 119,TRUE,FALSE,4241190,19,2007-2025,29.64,HIGH
MONTGOMERY COUNTY MUD 94,5858170,MONTGOMERY COUNTY MUD 94,TRUE,FALSE,5858170,19,2007-2025,29.59,HIGH
SOUTHEAST REGIONAL MANAGEMENT DISTRICT,3736443,SOUTHEAST REGIONAL MANAGEMENT DISTRICT,TRUE,FALSE,3736443,6,2020-2025,29.52,HIGH
HARRIS COUNTY MUD 530,3738155,HARRIS COUNTY MUD 530,TRUE,FALSE,3738155,9,2017-2025,29.48,HIGH
FORT BEND COUNTY MUD 185,3079488,FORT BEND COUNTY MUD 185,TRUE,FALSE,3079488,16,2010-2025,29.33,HIGH
FORT BEND COUNTY MUD 172,3079432,FORT BEND COUNTY MUD 172,TRUE,FALSE,3079432,12,2014-2025,29.27,HIGH
WILLOW CREEK FARMS MUD,8672500,WILLOW CREEK FARMS MUD,TRUE,FALSE,8672500,15,2011-2025,29.06,HIGH
MCKINNEY MUD 2,5791875,MCKINNEY MUD 2,TRUE,FALSE,5791875,4,2022-2025,28.99,HIGH
ROCKWALL COUNTY MUD 6,7310594,ROCKWALL COUNTY MUD 6,TRUE,FALSE,7310594,9,2017-2025,28.86,HIGH
COMAL COUNTY WID 1A,2391750,COMAL COUNTY WID 1A,TRUE,FALSE,2391750,6,2020-2025,28.82,HIGH
WILLIAMSON COUNTY MUD 31,8664502,WILLIAMSON COUNTY MUD 31,TRUE,FALSE,8664502,5,2021-2025,28.77,HIGH
BRAZORIA COUNTY MUD 32,1635610,BRAZORIA COUNTY MUD 32,TRUE,FALSE,1635610,6,2020-2025,28.75,HIGH
MONTGOMERY COUNTY MUD 84,5858130,MONTGOMERY COUNTY MUD 84,TRUE,FALSE,5858130,18,2008-2025,28.72,HIGH
HARRIS COUNTY MUD 196,3737460,HARRIS COUNTY MUD 196,TRUE,FALSE,3737460,19,2007-2025,28.43,HIGH
HARRIS COUNTY ID 1,3736000,HARRIS COUNTY IMPROVEMENT DISTRICT 1,FALSE,FALSE,3736000,19,2007-2025,28.08,HIGH
FORT BEND-WALLER COUNTIES MUD 3,3093813,FORT BEND-WALLER COUNTIES MUD 3,TRUE,FALSE,3093813,8,2018-2025,27.88,HIGH
PROVIDENCE VILLAGE WCID,2721854,PROVIDENCE VILLAGE WCID,TRUE,FALSE,2721854,8,2007-2014,27.72,HIGH
HARRIS COUNTY MUD 412,3737156,HARRIS COUNTY MUD 412,TRUE,FALSE,3737156,18,2008-2025,27.64,HIGH
CEDAR BAYOU ND,2263600,CEDAR BAYOU NAVIGATION DISTRICT,FALSE,FALSE,2263600,5,2021-2025,27.62,HIGH
MONTGOMERY COUNTY MUD 95,5858172,MONTGOMERY COUNTY MUD 95,TRUE,FALSE,5858172,13,2013-2025,27.48,HIGH
KATY WEST MUD,3093625,KATY WEST MUD,TRUE,FALSE,3093625,10,2016-2025,27.4,HIGH
TRAVIS COUNTY MUD 12,7824700,TRAVIS COUNTY MUD 12,TRUE,FALSE,7824700,11,2015-2025,27.36,HIGH
MONTGOMERY COUNTY MUD 139,5857859,MONTGOMERY COUNTY MUD 139,TRUE,FALSE,5857859,9,2017-2025,27.24,HIGH
HARRIS COUNTY MUD 082,3737212,HARRIS COUNTY MUD 82,FALSE,FALSE,3737212,19,2007-2025,27.01,HIGH
WILLIAMSON COUNTY MUD 19A,8664018,WILLIAMSON COUNTY MUD 19A,TRUE,FALSE,8664018,9,2017-2025,26.94,HIGH
FORT BEND COUNTY MUD 137,3081497,FORT BEND COUNTY MUD 137,TRUE,FALSE,3081497,19,2007-2025,26.91,HIGH
GALVESTON COUNTY MUD 43,3157250,GALVESTON COUNTY MUD 43,TRUE,FALSE,3157250,19,2007-2025,26.6,HIGH
NORTHWEST HARRIS COUNTY MUD 32,6041706,NORTHWEST HARRIS COUNTY MUD 32,TRUE,FALSE,6041706,19,2007-2025,26.6,HIGH
FORT BEND COUNTY MUD 165,3079350,FORT BEND COUNTY MUD 165,TRUE,FALSE,3079350,17,2009-2025,26.59,HIGH
FORT BEND COUNTY MUD 220,3080672,FORT BEND COUNTY MUD 220,TRUE,FALSE,3080672,5,2021-2025,26.52,HIGH
COOL WATER MUD,2403557,COOL WATER MUD,TRUE,FALSE,2403557,3,2023-2025,26.5,HIGH
TRAVIS COUNTY MUD 18,7822183,TRAVIS COUNTY MUD 18,TRUE,FALSE,7822183,10,2016-2025,26.31,HIGH
NORTHEAST TEXAS MWD,5982000,NORTHEAST TEXAS MUNICIPAL WATER DISTRICT,FALSE,FALSE,5982000,19,2007-2025,26.22,HIGH
BRAZORIA COUNTY MUD 18,1636640,BRAZORIA COUNTY MUD 18,TRUE,FALSE,1636640,19,2007-2025,26.16,HIGH
LOWER KIRBY PEARLAND MANAGEMENT DISTRICT,7588500,LOWER KIRBY PEARLAND MANAGEMENT DISTRICT,TRUE,FALSE,7588500,10,2016-2025,26.13,HIGH
BRAZORIA COUNTY MUD 43,1636188,BRAZORIA COUNTY MUD 43,TRUE,FALSE,1636188,4,2022-2025,26.07,HIGH
SEDONA LAKES MUD 01,7553000,SEDONA LAKES MUD 1,FALSE,FALSE,7553000,15,2011-2025,26.03,HIGH
MONTGOMERY COUNTY MUD 186,5857708,MONTGOMERY COUNTY MUD 186,TRUE,FALSE,5857708,3,2023-2025,26,HIGH
FORT BEND COUNTY MUD 155,3079334,FORT BEND COUNTY MUD 155,TRUE,FALSE,3079334,18,2008-2025,25.99,HIGH
SPRINGHOLLOW MUD,7593150,SPRINGHOLLOW MUD,TRUE,FALSE,7593150,5,2021-2025,25.98,HIGH
LAGUNA MADRE WD,5300700,LAGUNA MADRE WATER DISTRICT,FALSE,FALSE,5300700,19,2007-2025,25.96,HIGH
OAKMONT PUD,6182000,OAKMONT PUBLIC UTILITY DISTRICT,FALSE,FALSE,6182000,19,2007-2025,25.83,HIGH
MORNINGSTAR RANCH MUD 1,5875000,MORNINGSTAR RANCH MUD 1,TRUE,FALSE,5875000,8,2018-2025,25.81,HIGH
HIGHLANDS AT MAYFIELD RANCH MUD,4636250,HIGHLANDS AT MAYFIELD RANCH MUD,TRUE,FALSE,4636250,11,2015-2025,25.8,HIGH
BRAZORIA COUNTY MUD 17,1636630,BRAZORIA COUNTY MUD 17,TRUE,FALSE,1636630,19,2007-2025,25.75,HIGH
MONTGOMERY COUNTY MUD 191,5857770,MONTGOMERY COUNTY MUD 191,TRUE,FALSE,5857770,1,2025-2025,25.61,HIGH
CIMARRON MUD,2286690,CIMARRON MUD,TRUE,FALSE,2286690,19,2007-2025,25.48,HIGH
HARRIS COUNTY MUD 401,3737129,HARRIS COUNTY MUD 401,TRUE,FALSE,3737129,18,2008-2025,25.43,HIGH
BRAZORIA COUNTY MUD 21,1636652,BRAZORIA COUNTY MUD 21,TRUE,FALSE,1636652,19,2007-2025,25.39,HIGH
MONTGOMERY COUNTY MUD 140,5857545,MONTGOMERY COUNTY MUD 140,TRUE,FALSE,5857545,3,2023-2025,25.27,HIGH
FORT BEND COUNTY FWSD 1,3066000,FORT BEND COUNTY FWSD 1,TRUE,FALSE,3066000,19,2007-2025,25.26,HIGH
FORT BEND COUNTY MUD 229,3080018,FORT BEND COUNTY MUD 229,TRUE,FALSE,3080018,4,2022-2025,25.09,HIGH
PORT OF BAY CITY AUTHORITY,7123000,PORT OF BAY CITY AUTHORITY,TRUE,FALSE,7123000,9,2007-2015,25,HIGH
CANYON FALLS WCID 2,2263675,CANYON FALLS WCID 2,TRUE,FALSE,2263675,9,2017-2025,24.99,HIGH
NORTH MISSION GLEN MUD,5989000,NORTH MISSION GLEN MUD,TRUE,FALSE,5989000,19,2007-2025,24.93,HIGH
FORT BEND COUNTY LID 007,3073200,FORT BEND COUNTY LID 7,FALSE,FALSE,3073200,19,2007-2025,24.91,HIGH
DOWDELL PUD,2747000,DOWDELL PUD,TRUE,FALSE,2747000,19,2007-2025,24.85,HIGH
WILLIAMSON COUNTY MUD 32,8664503,WILLIAMSON COUNTY MUD 32,TRUE,FALSE,8664503,7,2019-2025,24.78,HIGH
FORT BEND COUNTY MUD 132,3073625,FORT BEND COUNTY MUD 132,TRUE,FALSE,3073625,7,2019-2025,24.68,HIGH
WILLIAMSON COUNTY MUD 29,8664493,WILLIAMSON COUNTY MUD 29,TRUE,FALSE,8664493,4,2022-2025,24.64,HIGH
FORT BEND COUNTY MUD 149,3079455,FORT BEND COUNTY MUD 149,TRUE,FALSE,3079455,14,2012-2025,24.61,HIGH
FORT BEND COUNTY MUD 167,3079400,FORT BEND COUNTY MUD 167,TRUE,FALSE,3079400,17,2009-2025,24.25,HIGH
SONTERRA MUD,7576450,SONTERRA MUD,TRUE,FALSE,7576450,17,2009-2025,24.25,HIGH
MONTGOMERY COUNTY MUD 89,5858160,MONTGOMERY COUNTY MUD 89,TRUE,FALSE,5858160,19,2007-2025,24.19,HIGH
SOUTH BUDA WCID 1,7576701,SOUTH BUDA WCID 1,TRUE,FALSE,7576701,16,2010-2025,24.05,HIGH
TRAVIS COUNTY MUD 13,7824900,TRAVIS COUNTY MUD 13,TRUE,FALSE,7824900,11,2015-2025,24.05,HIGH
CINCO SOUTHWEST MUD 2,2286783,CINCO SOUTHWEST MUD 2,TRUE,FALSE,2286783,18,2008-2025,24.04,HIGH
COUNTY LINE SUD,2404480,COUNTY LINE SUD,TRUE,FALSE,2404480,1,2025-2025,24,HIGH
ELLIS COUNTY FWSD 1,2833500,ELLIS COUNTY FWSD 1,TRUE,FALSE,2833500,4,2022-2025,24,HIGH
HARRIS COUNTY WCID 158,3929125,HARRIS COUNTY WCID 158,TRUE,FALSE,3929125,3,2023-2025,23.95,HIGH
BAYTOWN AREA WA,1211100,BAYTOWN AREA WATER AUTHORITY,FALSE,FALSE,1211100,19,2007-2025,23.89,HIGH
ELM RIDGE WCID,2721855,ELM RIDGE WCID,TRUE,FALSE,2721855,2,2024-2025,23.84,HIGH
PARKWAY UD,7024000,PARKWAY UTILITY DISTRICT,FALSE,FALSE,7024000,19,2007-2025,23.78,HIGH
HARRIS COUNTY MUD 096,3737240,HARRIS COUNTY MUD 96,FALSE,FALSE,3737240,19,2007-2025,23.76,HIGH
FORT BEND COUNTY LID 011,3073450,FORT BEND COUNTY LID 11,FALSE,FALSE,3073450,19,2007-2025,23.72,HIGH
HARRIS COUNTY MUD 502,3737122,HARRIS COUNTY MUD 502,TRUE,FALSE,3737122,9,2017-2025,23.7,HIGH
FORT BEND COUNTY DD,3060000,FORT BEND COUNTY DRAINAGE DISTRICT,FALSE,FALSE,3060000,5,2021-2025,23.61,HIGH
REUNION RANCH WCID,7281285,REUNION RANCH WCID,TRUE,FALSE,7281285,10,2016-2025,23.53,HIGH
HARRIS COUNTY MUD 494,3737109,HARRIS COUNTY MUD 494,TRUE,FALSE,3737109,10,2016-2025,23.44,HIGH
NORTHTOWN MUD,6013100,NORTHTOWN MUD,TRUE,FALSE,6013100,19,2007-2025,23.34,HIGH
WOOD TRACE MUD 1,8755000,WOOD TRACE MUD 1,TRUE,FALSE,8755000,10,2016-2025,23.23,HIGH
MONTGOMERY COUNTY MUD 47,5858052,MONTGOMERY COUNTY MUD 47,TRUE,FALSE,5858052,19,2007-2025,23.18,HIGH
WILLIAMSON COUNTY MUD 13,8664560,WILLIAMSON COUNTY MUD 13,TRUE,FALSE,8664560,16,2010-2025,23.18,HIGH
KAUFMAN COUNTY FWSD 6,5159998,KAUFMAN COUNTY FWSD 6,TRUE,FALSE,5159998,7,2019-2025,23.18,HIGH
HARRIS COUNTY MUD 538,3746845,HARRIS COUNTY MUD 538,TRUE,FALSE,3746845,5,2021-2025,23.15,HIGH
TRAVIS COUNTY MUD 16,7822732,TRAVIS COUNTY MUD 16,TRUE,FALSE,7822732,13,2013-2025,23.1,HIGH
KAUFMAN COUNTY MUD 02,5189175,KAUFMAN COUNTY MUD 2,FALSE,FALSE,5189175,15,2011-2025,23.02,HIGH
HARRIS COUNTY MUD 053,3737154,HARRIS COUNTY MUD 53,FALSE,FALSE,3737154,18,2007-2024,23,HIGH
FORT BEND COUNTY LID 006,3073150,FORT BEND COUNTY LID 6,FALSE,FALSE,3073150,13,2013-2025,22.9,HIGH
HUNTER'S GLEN MUD,4699000,HUNTERS GLEN MUD,FALSE,FALSE,4699000,19,2007-2025,22.75,HIGH
NORTHLAKE MMD 2,5995625,NORTHLAKE MMD 2,TRUE,FALSE,5995625,4,2022-2025,22.74,HIGH
NORTHWEST PARK MUD,6042825,NORTHWEST PARK MUD,TRUE,FALSE,6042825,19,2007-2025,22.72,HIGH
HAYS COUNTY MUD 5,4420720,HAYS COUNTY MUD 5,TRUE,FALSE,4420720,18,2008-2025,22.71,HIGH
ROUND ROCK MUD 1,7330313,ROUND ROCK MUD 1,TRUE,FALSE,7330313,3,2023-2025,22.68,HIGH
SUNFIELD MUD 1,7632700,SUNFIELD MUD 1,TRUE,FALSE,7632700,15,2011-2025,22.61,HIGH
FORT BEND COUNTY MUD 161,3079313,FORT BEND COUNTY MUD 161,TRUE,FALSE,3079313,10,2016-2025,22.6,HIGH
TRAIL OF THE LAKES MUD,7811000,TRAIL OF THE LAKES MUD,TRUE,FALSE,7811000,19,2007-2025,22.6,HIGH
BIG OAKS MUD,1542000,BIG OAKS MUD,TRUE,FALSE,1542000,19,2007-2025,22.43,HIGH
KINGSBRIDGE MUD,5196150,KINGSBRIDGE MUD,TRUE,FALSE,5196150,19,2007-2025,22.41,HIGH
FORT BEND COUNTY MUD 117,3084600,FORT BEND COUNTY MUD 117,TRUE,FALSE,3084600,11,2007-2017,22.32,HIGH
SMILEY ROAD WCID 1,7574732,SMILEY ROAD WCID 1,TRUE,FALSE,7574732,2,2024-2025,22.27,HIGH
BAYBROOK MUD 1,1207570,BAYBROOK MUD 1,TRUE,FALSE,1207570,19,2007-2025,22.16,HIGH
CINCO SOUTHWEST MUD 4,2286796,CINCO SOUTHWEST MUD 4,TRUE,FALSE,2286796,17,2009-2025,22.11,HIGH
SIENA MUD 2,7572650,SIENA MUD 2,TRUE,FALSE,7572650,10,2016-2025,22.1,HIGH
DALLAS COUNTY PARK CITIES MUD,2629000,DALLAS COUNTY PARK CITIES MUD,TRUE,FALSE,2629000,15,2011-2025,22.09,HIGH
ROCKWALL COUNTY MUD 8,7311475,ROCKWALL COUNTY MUD 8,TRUE,FALSE,7311475,5,2021-2025,22.09,HIGH
HARRIS COUNTY MUD 561,9000001,HARRIS COUNTY MUD 561,TRUE,FALSE,9000001,5,2021-2025,22.08,HIGH
HARRIS COUNTY MUD 501,3737103,HARRIS COUNTY MUD 501,TRUE,FALSE,3737103,11,2015-2025,22.06,HIGH
MONTGOMERY COUNTY MUD 08,5857300,MONTGOMERY COUNTY MUD 8,FALSE,FALSE,5857300,14,2012-2025,21.98,HIGH
HARRIS COUNTY MUD 367,3738200,HARRIS COUNTY MUD 367,TRUE,FALSE,3738200,19,2007-2025,21.98,HIGH
FORT BEND COUNTY MUD 173,3079435,FORT BEND COUNTY MUD 173,TRUE,FALSE,3079435,9,2017-2025,21.97,HIGH
RAYFORD ROAD MUD,7192000,RAYFORD ROAD MUD,TRUE,FALSE,7192000,19,2007-2025,21.86,HIGH
HARRIS COUNTY ID 14,3736313,HARRIS COUNTY IMPROVEMENT DISTRICT 14,FALSE,FALSE,3736313,3,2023-2025,21.8,HIGH
WILLOW POINT MUD,8679500,WILLOW POINT MUD,TRUE,FALSE,8679500,10,2016-2025,21.71,HIGH
HARRIS COUNTY MUD 153,3737364,HARRIS COUNTY MUD 153,TRUE,FALSE,3737364,19,2007-2025,21.69,HIGH
MONTGOMERY COUNTY MUD 15,5857550,MONTGOMERY COUNTY MUD 15,TRUE,FALSE,5857550,19,2007-2025,21.68,HIGH
LAZY NINE MUD 1A,5374000,LAZY NINE MUD 1A,TRUE,FALSE,5374000,3,2023-2025,21.59,HIGH
HARRIS COUNTY MUD 106,3737260,HARRIS COUNTY MUD 106,TRUE,FALSE,3737260,19,2007-2025,21.57,HIGH
HAYS COUNTY WCID 1,4420900,HAYS COUNTY WCID 1,TRUE,FALSE,4420900,19,2007-2025,21.56,HIGH
WILLIAMSON COUNTY MUD 11,8664555,WILLIAMSON COUNTY MUD 11,TRUE,FALSE,8664555,18,2008-2025,21.54,HIGH
EAST MONTGOMERY COUNTY MUD 6,2802300,EAST MONTGOMERY COUNTY MUD 6,TRUE,FALSE,2802300,9,2017-2025,21.53,HIGH
KAUFMAN COUNTY MUD 10,5196030,KAUFMAN COUNTY MUD 10,TRUE,FALSE,5196030,5,2021-2025,21.53,HIGH
HEADWATERS MUD,4421008,HEADWATERS MUD,TRUE,FALSE,4421008,8,2018-2025,21.4,HIGH
LAKE VIEW MANAGEMENT & DEVELOPMENT DISTRICT,5322090,LAKE VIEW MANAGEMENT AND DEVELOPMENT DISTRICT,FALSE,TRUE,5322090/5322095,9,2017-2025,21.39,REVIEW
HARRIS COUNTY MUD 434,3737168,HARRIS COUNTY MUD 434,TRUE,FALSE,3737168,11,2015-2025,21.38,HIGH
HARRIS COUNTY MUD 531,8881000,HARRIS COUNTY MUD 531,TRUE,FALSE,8881000,9,2017-2025,21.32,HIGH
PARKSIDE AT MAYFIELD RANCH MUD,7023675,PARKSIDE AT MAYFIELD RANCH MUD,TRUE,FALSE,7023675,16,2010-2025,21.28,HIGH
HARRIS COUNTY MUD 344,3737940,HARRIS COUNTY MUD 344,TRUE,FALSE,3737940,19,2007-2025,21.27,HIGH
HARRIS COUNTY WCID 110,4241100,HARRIS COUNTY WCID 110,TRUE,FALSE,4241100,19,2007-2025,21.19,HIGH
HARRIS COUNTY MUD 172,3737412,HARRIS COUNTY MUD 172,TRUE,FALSE,3737412,19,2007-2025,21.01,HIGH
WESTWOOD MANAGEMENT DISTRICT,8040975,WESTWOOD MANAGEMENT DISTRICT,TRUE,FALSE,8040975,5,2021-2025,20.88,HIGH
GALVESTON COUNTY MUD 39,3202625,GALVESTON COUNTY MUD 39,TRUE,FALSE,3202625,19,2007-2025,20.86,HIGH
EAST MONTGOMERY COUNTY MUD 5,2802250,EAST MONTGOMERY COUNTY MUD 5,TRUE,FALSE,2802250,10,2016-2025,20.81,HIGH
HARRIS COUNTY MUD 055,3737158,HARRIS COUNTY MUD 55,FALSE,FALSE,3737158,19,2007-2025,20.8,HIGH
WILLIAMSON COUNTY MUD 19E,8664002,WILLIAMSON COUNTY MUD 19E,TRUE,FALSE,8664002,3,2023-2025,20.74,HIGH
SPRING WEST MUD,7593525,SPRING WEST MUD,TRUE,FALSE,7593525,19,2007-2025,20.59,HIGH
HARRIS COUNTY MUD 109,3737266,HARRIS COUNTY MUD 109,TRUE,FALSE,3737266,19,2007-2025,20.56,HIGH
CNP UD,1768000,CNP UTILITY DISTRICT,FALSE,FALSE,1768000,19,2007-2025,20.5,HIGH
MONTGOMERY COUNTY MUD 127,5867540,MONTGOMERY COUNTY MUD 127,TRUE,FALSE,5867540,9,2017-2025,20.49,HIGH
ELEVON MUD 1A,987976,ELEVON MUD 1A,TRUE,FALSE,987976,2,2024-2025,20.33,HIGH
WEST PARK MUD,8474100,WEST PARK MUD,TRUE,FALSE,8474100,19,2007-2025,20.32,HIGH
GALVESTON COUNTY MUD 54,3200990,GALVESTON COUNTY MUD 54,TRUE,FALSE,3200990,12,2014-2025,20.3,HIGH
WALLER COUNTY MUD 19,8343008,WALLER COUNTY MUD 19,TRUE,FALSE,8343008,3,2023-2025,20.27,HIGH
HARRIS COUNTY MUD 503,3737123,HARRIS COUNTY MUD 503,TRUE,FALSE,3737123,1,2025-2025,20.25,HIGH
BRAZORIA COUNTY MUD 6,1636550,BRAZORIA COUNTY MUD 6,TRUE,FALSE,1636550,19,2007-2025,20.2,HIGH
FORT BEND COUNTY MUD 218,3082416,FORT BEND COUNTY MUD 218,TRUE,FALSE,3082416,5,2021-2025,20.16,HIGH
ACTON MUD,980502,ACTON MUD,TRUE,FALSE,980502,19,2007-2025,20.11,HIGH
GRAND MISSION MUD 2,3403125,GRAND MISSION MUD 2,TRUE,FALSE,3403125,18,2008-2025,20.09,HIGH
TROPHY CLUB MUD 1,8014000,TROPHY CLUB MUD 1,TRUE,FALSE,8014000,19,2007-2025,20.08,HIGH
FORT BEND COUNTY MUD 198,3075282,FORT BEND COUNTY MUD 198,TRUE,FALSE,3075282,2,2024-2025,20.05,HIGH
NORTHAMPTON MUD,5968000,NORTHAMPTON MUD,TRUE,FALSE,5968000,19,2007-2025,20.04,HIGH
CHAMPIONS MUD,3728000,CHAMPIONS MUD,TRUE,FALSE,3728000,9,2017-2025,20.02,HIGH
GALVESTON COUNTY MUD 59,3179827,GALVESTON COUNTY MUD 59,TRUE,FALSE,3179827,2,2024-2025,19.94,HIGH
LUMBERTON MUD,5541000,LUMBERTON MUD,TRUE,FALSE,5541000,19,2007-2025,19.93,HIGH
HARRIS COUNTY UD 16,3744900,HARRIS COUNTY UTILITY DISTRICT 16,FALSE,FALSE,3744900,19,2007-2025,19.89,HIGH
NORTHWEST HARRIS COUNTY MUD 30,6041702,NORTHWEST HARRIS COUNTY MUD 30,TRUE,FALSE,6041702,19,2007-2025,19.82,HIGH
NEW CANEY MUD,5953000,NEW CANEY MUD,TRUE,FALSE,5953000,19,2007-2025,19.8,HIGH
FORT BEND COUNTY MUD 214,3093750,FORT BEND COUNTY MUD 214,TRUE,FALSE,3093750,2,2024-2025,19.72,HIGH
HARRIS COUNTY MUD 540,3745908,HARRIS COUNTY MUD 540,TRUE,FALSE,3745908,3,2023-2025,19.7,HIGH
SUNBELT FWSD,7632500,SUNBELT FWSD,TRUE,FALSE,7632500,19,2007-2025,19.66,HIGH
MOUNT HOUSTON ROAD MUD,5890500,MOUNT HOUSTON ROAD MUD,TRUE,FALSE,5890500,19,2007-2025,19.59,HIGH
BRAZORIA COUNTY MUD 25,1636660,BRAZORIA COUNTY MUD 25,TRUE,FALSE,1636660,19,2007-2025,19.48,HIGH
MONTGOMERY COUNTY MUD 88,5858155,MONTGOMERY COUNTY MUD 88,TRUE,FALSE,5858155,13,2013-2025,19.48,HIGH
TRAVIS COUNTY MUD 19,7822092,TRAVIS COUNTY MUD 19,TRUE,FALSE,7822092,4,2022-2025,19.48,HIGH
CINCO SOUTHWEST MUD 3,2286792,CINCO SOUTHWEST MUD 3,TRUE,FALSE,2286792,15,2011-2025,19.46,HIGH
HARRIS COUNTY MUD 230,3737528,HARRIS COUNTY MUD 230,TRUE,FALSE,3737528,19,2007-2025,19.46,HIGH
BENBROOK WA,1260000,BENBROOK WATER AUTHORITY,FALSE,FALSE,1260000,19,2007-2025,19.36,HIGH
HARRIS COUNTY MUD 569,9000006,HARRIS COUNTY MUD 569,TRUE,FALSE,9000006,2,2024-2025,19.32,HIGH
FULSHEAR MUD 1,3127500,FULSHEAR MUD 1,TRUE,FALSE,3127500,14,2012-2025,19.29,HIGH
HARRIS COUNTY MUD 465,3737143,HARRIS COUNTY MUD 465,TRUE,FALSE,3737143,4,2022-2025,19.26,HIGH
KAUFMAN COUNTY FWSD 1D,5159952,KAUFMAN COUNTY FWSD 1D,TRUE,FALSE,5159952,5,2021-2025,19.25,HIGH
BELMONT FWSD 2,1258550,BELMONT FWSD 2,TRUE,FALSE,1258550,6,2020-2025,19.17,HIGH
FORT BEND COUNTY MUD 122,3084875,FORT BEND COUNTY MUD 122,TRUE,FALSE,3084875,19,2007-2025,19.16,HIGH
PILOT KNOB MUD 02,7104175,PILOT KNOB MUD 2,FALSE,FALSE,7104175,4,2022-2025,19.14,HIGH
FORT BEND COUNTY MUD 233,3079850,FORT BEND COUNTY MUD 233,TRUE,FALSE,3079850,4,2022-2025,19.11,HIGH
RIVERBEND WATER RESOURCES DISTRICT,7288995,RIVERBEND WATER RESOURCES DISTRICT,TRUE,FALSE,7288995,10,2016-2025,19.1,HIGH
FORT BEND COUNTY MUD 206,3079591,FORT BEND COUNTY MUD 206,TRUE,FALSE,3079591,6,2020-2025,19.07,HIGH
WEST RANCH MANAGEMENT DISTRICT,8474545,WEST RANCH MANAGEMENT DISTRICT,TRUE,FALSE,8474545,15,2011-2025,19.05,HIGH
FORT BEND COUNTY MUD 143,3082126,FORT BEND COUNTY MUD 143,TRUE,FALSE,3082126,19,2007-2025,19.04,HIGH
COLLIN COUNTY MUD 04,2324751,COLLIN COUNTY MUD 4,FALSE,FALSE,2324751,2,2024-2025,18.93,HIGH
HARRIS COUNTY MUD 397,3738452,HARRIS COUNTY MUD 397,TRUE,FALSE,3738452,19,2007-2025,18.82,HIGH
HARRIS COUNTY MUD 282,3737754,HARRIS COUNTY MUD 282,TRUE,FALSE,3737754,14,2012-2025,18.65,HIGH
VALLEY RANCH TOWN CENTER MANAGEMENT DISTRICT,8269225,VALLEY RANCH TOWN CENTER MANAGEMENT DISTRICT,TRUE,FALSE,8269225,8,2018-2025,18.61,HIGH
TRAVIS COUNTY MUD 22,7822175,TRAVIS COUNTY MUD 22,TRUE,FALSE,7822175,5,2021-2025,18.59,HIGH
FORT BEND COUNTY MUD 034,3079958,FORT BEND COUNTY MUD 34,FALSE,FALSE,3079958,19,2007-2025,18.58,HIGH
MONTGOMERY COUNTY MUD 126,5862540,MONTGOMERY COUNTY MUD 126,TRUE,FALSE,5862540,9,2017-2025,18.52,HIGH
NORTHEAST TRAVIS COUNTY UD,5982825,NORTHEAST TRAVIS COUNTY UTILITY DISTRICT,FALSE,FALSE,5982825,19,2007-2025,18.5,HIGH
HARRIS COUNTY MUD 565,9000014,HARRIS COUNTY MUD 565,TRUE,FALSE,9000014,4,2022-2025,18.49,HIGH
SOUTH SHORE HARBOUR MUD 7,7585214,SOUTH SHORE HARBOUR MUD 7,TRUE,FALSE,7585214,19,2007-2025,18.38,HIGH
WOODRIDGE MUD,8760000,WOODRIDGE MUD,TRUE,FALSE,8760000,10,2016-2025,18.37,HIGH
TRAVIS COUNTY MUD 23,7822182,TRAVIS COUNTY MUD 23,TRUE,FALSE,7822182,7,2019-2025,18.34,HIGH
BARKER-CYPRESS MUD,1204000,BARKER CYPRESS MUD,FALSE,FALSE,1204000,19,2007-2025,18.33,HIGH
FORT BEND COUNTY MUD 119,3084830,FORT BEND COUNTY MUD 119,TRUE,FALSE,3084830,19,2007-2025,18.28,HIGH
FORT BEND COUNTY MUD 129,3081988,FORT BEND COUNTY MUD 129,TRUE,FALSE,3081988,19,2007-2025,18.25,HIGH
FORT BEND COUNTY MUD 156,3079329,FORT BEND COUNTY MUD 156,TRUE,FALSE,3079329,12,2014-2025,18.18,HIGH
MONTGOMERY COUNTY MUD 137,5857939,MONTGOMERY COUNTY MUD 137,TRUE,FALSE,5857939,8,2018-2025,18.18,HIGH
NEWPORT MUD,5954000,NEWPORT MUD,TRUE,FALSE,5954000,19,2007-2025,18.12,HIGH
HARRIS COUNTY MUD 370,3738350,HARRIS COUNTY MUD 370,TRUE,FALSE,3738350,19,2007-2025,18.09,HIGH
LANGHAM CREEK UD,5355000,LANGHAM CREEK UTILITY DISTRICT,FALSE,FALSE,5355000,19,2007-2025,18.03,HIGH
ROCKWALL COUNTY MUD 9,7312650,ROCKWALL COUNTY MUD 9,TRUE,FALSE,7312650,7,2019-2025,17.92,HIGH
GREENS PARKWAY MUD,3417200,GREENS PARKWAY MUD,TRUE,FALSE,3417200,19,2007-2025,17.86,HIGH
TRAVIS COUNTY MUD 17,7822366,TRAVIS COUNTY MUD 17,TRUE,FALSE,7822366,11,2015-2025,17.77,HIGH
HARRIS COUNTY MUD 248,3737570,HARRIS COUNTY MUD 248,TRUE,FALSE,3737570,19,2007-2025,17.75,HIGH
CYPRESS RANCH WCID 1,2413100,CYPRESS RANCH WCID 1,TRUE,FALSE,2413100,16,2010-2025,17.72,HIGH
PALOMA LAKE MUD 1,6710500,PALOMA LAKE MUD 1,TRUE,FALSE,6710500,16,2010-2025,17.61,HIGH
MONTGOMERY COUNTY MUD 39,5857990,MONTGOMERY COUNTY MUD 39,TRUE,FALSE,5857990,19,2007-2025,17.58,HIGH
WESTON MUD,8474000,WESTON MUD,TRUE,FALSE,8474000,19,2007-2025,17.57,HIGH
WEST HARRIS COUNTY MUD 07,8472940,WEST HARRIS COUNTY MUD 7,FALSE,FALSE,8472940,19,2007-2025,17.55,HIGH
HARRIS COUNTY MUD 238,3737544,HARRIS COUNTY MUD 238,TRUE,FALSE,3737544,19,2007-2025,17.52,HIGH
FORT BEND COUNTY MUD 131,3082099,FORT BEND COUNTY MUD 131,TRUE,FALSE,3082099,11,2015-2025,17.39,HIGH
MONTGOMERY COUNTY MUD 67,5858102,MONTGOMERY COUNTY MUD 67,TRUE,FALSE,5858102,19,2007-2025,17.34,HIGH
HARRIS COUNTY MUD 480,3737175,HARRIS COUNTY MUD 480,TRUE,FALSE,3737175,9,2017-2025,17.23,HIGH
WILLIAMSON COUNTY MUD 10,8664550,WILLIAMSON COUNTY MUD 10,TRUE,FALSE,8664550,19,2007-2025,17.16,HIGH
DENTON COUNTY MUD 8,2722090,DENTON COUNTY MUD 8,TRUE,FALSE,2722090,3,2023-2025,17.16,HIGH
HARRIS COUNTY MUD 354,3738000,HARRIS COUNTY MUD 354,TRUE,FALSE,3738000,19,2007-2025,17.07,HIGH
PORTER MUD,7122500,PORTER MUD,TRUE,FALSE,7122500,19,2007-2025,17.05,HIGH
NORTHPOINTE WCID,5999500,NORTHPOINTE WCID,TRUE,FALSE,5999500,19,2007-2025,17.04,HIGH
KENDALL COUNTY WCID 2A,5190375,KENDALL COUNTY WCID 2A,TRUE,FALSE,5190375,9,2017-2025,17.02,HIGH
MONTGOMERY COUNTY MUD 108,5855625,MONTGOMERY COUNTY MUD 108,TRUE,FALSE,5855625,4,2022-2025,17.01,HIGH
ARCOLA MMD 01,1048500,ARCOLA MMD 1,FALSE,FALSE,1048500,2,2024-2025,17,HIGH
HARRIS COUNTY MUD 005,3737058,HARRIS COUNTY MUD 5,FALSE,FALSE,3737058,19,2007-2025,16.98,HIGH
MONTGOMERY COUNTY MUD 18,5857700,MONTGOMERY COUNTY MUD 18,TRUE,FALSE,5857700,19,2007-2025,16.96,HIGH
SOMERVELL COUNTY WD,7576300,SOMERVELL COUNTY WATER DISTRICT,FALSE,FALSE,7576300,17,2009-2025,16.94,HIGH
HARRIS COUNTY MUD 304,3737802,HARRIS COUNTY MUD 304,TRUE,FALSE,3737802,19,2007-2025,16.93,HIGH
MONTGOMERY COUNTY MUD 60,5858088,MONTGOMERY COUNTY MUD 60,TRUE,FALSE,5858088,19,2007-2025,16.91,HIGH
GALVESTON COUNTY WCID 12,3330000,GALVESTON COUNTY WCID 12,TRUE,FALSE,3330000,19,2007-2025,16.75,HIGH
CRYSTAL CLEAR SUD,2412188,CRYSTAL CLEAR SUD,TRUE,FALSE,2412188,10,2016-2025,16.73,HIGH
MONTGOMERY COUNTY MUD 132,5858177,MONTGOMERY COUNTY MUD 132,TRUE,FALSE,5858177,6,2020-2025,16.73,HIGH
HARRIS COUNTY MUD 284,3737762,HARRIS COUNTY MUD 284,TRUE,FALSE,3737762,19,2007-2025,16.7,HIGH
BILMA PUD,1543000,BILMA PUD,TRUE,FALSE,1543000,19,2007-2025,16.6,HIGH
HARRIS COUNTY MUD 065,3737178,HARRIS COUNTY MUD 65,FALSE,FALSE,3737178,19,2007-2025,16.58,HIGH
BLAKETREE MUD 1,1545075,BLAKETREE MUD 1,TRUE,FALSE,1545075,7,2019-2025,16.54,HIGH
NORTH HAYS COUNTY MUD 1,5984900,NORTH HAYS COUNTY MUD 1,TRUE,FALSE,5984900,18,2008-2025,16.52,HIGH
NORTHGATE CROSSING MUD 2,5983700,NORTHGATE CROSSING MUD 2,TRUE,FALSE,5983700,19,2007-2025,16.51,HIGH
MONTGOMERY COUNTY MUD 09,5857400,MONTGOMERY COUNTY MUD 9,FALSE,FALSE,5857400,19,2007-2025,16.42,HIGH
HARRIS COUNTY MUD 461,3727154,HARRIS COUNTY MUD 461,TRUE,FALSE,3727154,12,2014-2025,16.38,HIGH
HARRIS-FORT BEND COUNTIES MUD 5,4418015,HARRIS FORT BEND COUNTIES MUD 5,FALSE,FALSE,4418015,19,2007-2025,16.28,HIGH
HARRIS COUNTY MUD 150,3737358,HARRIS COUNTY MUD 150,TRUE,FALSE,3737358,19,2007-2025,16.23,HIGH
LAKE MUD,5310900,LAKE MUD,TRUE,FALSE,5310900,19,2007-2025,16.15,HIGH
TRAVIS COUNTY MUD 20,7822100,TRAVIS COUNTY MUD 20,TRUE,FALSE,7822100,5,2021-2025,16.09,HIGH
THE COLONY MUD 1A,4114750,THE COLONY MUD 1A,TRUE,FALSE,4114750,3,2023-2025,16,HIGH
KELLY LANE WCID 2,5189966,KELLY LANE WCID 2,TRUE,FALSE,5189966,10,2016-2025,15.99,HIGH
KAUFMAN COUNTY MUD 03,5189313,KAUFMAN COUNTY MUD 3,FALSE,FALSE,5189313,5,2021-2025,15.99,HIGH
HARRIS COUNTY MUD 173,3737414,HARRIS COUNTY MUD 173,TRUE,FALSE,3737414,19,2007-2025,15.91,HIGH
SPRING MEADOWS MUD,7593030,SPRING MEADOWS MUD,TRUE,FALSE,7593030,19,2007-2025,15.91,HIGH
HARRIS-WALLER COUNTIES MUD 02,3908823,HARRIS-WALLER COUNTIES MUD 2,FALSE,FALSE,3908823,11,2015-2025,15.9,HIGH
HARRIS COUNTY MUD 547,3737596,HARRIS COUNTY MUD 547,TRUE,FALSE,3737596,2,2024-2025,15.88,HIGH
PALO PINTO COUNTY MWD 1,6600000,PALO PINTO COUNTY MUNICIPAL WATER DISTRICT 1,FALSE,FALSE,6600000,19,2007-2025,15.86,HIGH
FORT BEND COUNTY MUD 026,3079925,FORT BEND COUNTY MUD 26,FALSE,FALSE,3079925,19,2007-2025,15.79,HIGH
JEFFERSON COUNTY DD 7,4922000,JEFFERSON COUNTY DRAINAGE DISTRICT 7,FALSE,FALSE,4922000,12,2014-2025,15.77,HIGH
KELLY LANE WCID 1,5189932,KELLY LANE WCID 1,TRUE,FALSE,5189932,18,2008-2025,15.77,HIGH
GALVESTON COUNTY MUD 44,3179825,GALVESTON COUNTY MUD 44,TRUE,FALSE,3179825,16,2010-2025,15.74,HIGH
MONTGOMERY COUNTY MUD 83,5858125,MONTGOMERY COUNTY MUD 83,TRUE,FALSE,5858125,19,2007-2025,15.59,HIGH
PILOT KNOB MUD 03,7104188,PILOT KNOB MUD 3,FALSE,FALSE,7104188,9,2017-2025,15.59,HIGH
WILLIAMSON COUNTY MUD 19B,8664009,WILLIAMSON COUNTY MUD 19B,TRUE,FALSE,8664009,3,2023-2025,15.42,HIGH
FORT BEND COUNTY MUD 144,3080713,FORT BEND COUNTY MUD 144,TRUE,FALSE,3080713,19,2007-2025,15.4,HIGH
HARRIS COUNTY MUD 542,3743408,HARRIS COUNTY MUD 542,TRUE,FALSE,3743408,6,2020-2025,15.36,HIGH
HARRIS COUNTY MUD 024,3737096,HARRIS COUNTY MUD 24,FALSE,FALSE,3737096,19,2007-2025,15.35,HIGH
CHIMNEY HILL MUD,2284300,CHIMNEY HILL MUD,TRUE,FALSE,2284300,19,2007-2025,15.31,HIGH
LAKEWAY MUD,5323500,LAKEWAY MUD,TRUE,FALSE,5323500,19,2007-2025,15.3,HIGH
HARRIS COUNTY MUD 276,3737742,HARRIS COUNTY MUD 276,TRUE,FALSE,3737742,19,2007-2025,15.29,HIGH
HARRIS COUNTY MUD 281,3737752,HARRIS COUNTY MUD 281,TRUE,FALSE,3737752,19,2007-2025,15.29,HIGH
TRAVIS COUNTY MUD 15,7823463,TRAVIS COUNTY MUD 15,TRUE,FALSE,7823463,19,2007-2025,15.22,HIGH
GRAND LAKES MUD 4,3403020,GRAND LAKES MUD 4,TRUE,FALSE,3403020,19,2007-2025,15.2,HIGH
HARRIS COUNTY MUD 552,3737180,HARRIS COUNTY MUD 552,TRUE,FALSE,3737180,5,2021-2025,15.18,HIGH
HARRIS COUNTY MUD 371,3738370,HARRIS COUNTY MUD 371,TRUE,FALSE,3738370,19,2007-2025,15.1,HIGH
HARRIS-FORT BEND COUNTIES MUD 1,4418000,HARRIS FORT BEND COUNTIES MUD 1,FALSE,FALSE,4418000,19,2007-2025,15.07,HIGH
KAUFMAN COUNTY FWSD 1C,5159903,KAUFMAN COUNTY FWSD 1C,TRUE,FALSE,5159903,19,2007-2025,15.07,HIGH
BELL COUNTY MUD 1,1218500,BELL COUNTY MUD 1,TRUE,FALSE,1218500,7,2019-2025,15.04,HIGH
PALOMA LAKE MUD 2,6805250,PALOMA LAKE MUD 2,TRUE,FALSE,6805250,16,2010-2025,15,HIGH
BRAZORIA COUNTY MUD 23,1636656,BRAZORIA COUNTY MUD 23,TRUE,FALSE,1636656,19,2007-2025,14.99,HIGH
MONTGOMERY COUNTY MUD 138,5857899,MONTGOMERY COUNTY MUD 138,TRUE,FALSE,5857899,8,2018-2025,14.96,HIGH
ROUND ROCK MUD 2,7330469,ROUND ROCK MUD 2,TRUE,FALSE,7330469,3,2023-2025,14.89,HIGH
FORT BEND COUNTY MUD 005,3079000,FORT BEND COUNTY MUD 5,FALSE,FALSE,3079000,15,2011-2025,14.88,HIGH
FORT BEND COUNTY MUD 170,3079430,FORT BEND COUNTY MUD 170,TRUE,FALSE,3079430,11,2015-2025,14.82,HIGH
CY-CHAMP PUD,2412300,CY CHAMP PUD,FALSE,FALSE,2412300,19,2007-2025,14.8,HIGH
FORT BEND COUNTY MUD 188,3079493,FORT BEND COUNTY MUD 188,TRUE,FALSE,3079493,3,2023-2025,14.75,HIGH
STANLEY LAKE MUD,7596000,STANLEY LAKE MUD,TRUE,FALSE,7596000,19,2007-2025,14.64,HIGH
FORT BEND COUNTY MUD 048,3079986,FORT BEND COUNTY MUD 48,FALSE,FALSE,3079986,19,2007-2025,14.62,HIGH
BISSONNET MUD,1544400,BISSONNET MUD,TRUE,FALSE,1544400,19,2007-2025,14.61,HIGH
BAY COLONY WEST MUD,1207901,BAY COLONY WEST MUD,TRUE,FALSE,1207901,18,2008-2025,14.55,HIGH
MONTGOMERY COUNTY MUD 152A,5857554,MONTGOMERY COUNTY MUD 152A,TRUE,FALSE,5857554,2,2024-2025,14.54,HIGH
GRANT ROAD PUD,3406000,GRANT ROAD PUD,TRUE,FALSE,3406000,19,2007-2025,14.54,HIGH
PRESIDENTIAL GLEN MUD,7151250,PRESIDENTIAL GLEN MUD,TRUE,FALSE,7151250,8,2018-2025,14.48,HIGH
FORT BEND COUNTY MUD 046,3079982,FORT BEND COUNTY MUD 46,FALSE,FALSE,3079982,19,2007-2025,14.46,HIGH
WOODCREEK RESERVE MUD,8717500,WOODCREEK RESERVE MUD,TRUE,FALSE,8717500,19,2007-2025,14.41,HIGH
CANYON FALLS MUD 1,2258663,CANYON FALLS MUD 1,TRUE,FALSE,2258663,5,2021-2025,14.38,HIGH
FORT BEND COUNTY MUD 002,3075000,FORT BEND COUNTY MUD 2,FALSE,FALSE,3075000,19,2007-2025,14.38,HIGH
HARRIS COUNTY MUD 239,3737546,HARRIS COUNTY MUD 239,TRUE,FALSE,3737546,19,2007-2025,14.34,HIGH
AUDUBON MUD 1,5858814,AUDUBON MUD 1,TRUE,FALSE,5858814,3,2023-2025,14.33,HIGH
HARRIS COUNTY MUD 364,3738140,HARRIS COUNTY MUD 364,TRUE,FALSE,3738140,19,2007-2025,14.32,HIGH
VICTORIA COUNTY ND,8300000,VICTORIA COUNTY NAVIGATION DISTRICT,FALSE,FALSE,8300000,19,2007-2025,14.32,HIGH
EAST MONTGOMERY COUNTY MUD 7,2802400,EAST MONTGOMERY COUNTY MUD 7,TRUE,FALSE,2802400,6,2020-2025,14.32,HIGH
BAUER LANDING WCID,1207602,BAUER LANDING WCID,TRUE,FALSE,1207602,9,2017-2025,14.24,HIGH
KINGS MANOR MUD,5196250,KINGS MANOR MUD,TRUE,FALSE,5196250,19,2007-2025,14.24,HIGH
FORT BEND COUNTY MUD 152,3079345,FORT BEND COUNTY MUD 152,TRUE,FALSE,3079345,15,2011-2025,14.23,HIGH
NORTHWEST HARRIS COUNTY MUD 36,6041714,NORTHWEST HARRIS COUNTY MUD 36,TRUE,FALSE,6041714,19,2007-2025,14.15,HIGH
MONTGOMERY COUNTY MUD 144,6082547,MONTGOMERY COUNTY MUD 144,TRUE,FALSE,6082547,2,2024-2025,14.14,HIGH
EAST CEDAR CREEK FWSD,2799100,EAST CEDAR CREEK FWSD,TRUE,FALSE,2799100,19,2007-2025,14.1,HIGH
MONTGOMERY COUNTY MUD 107,5857494,MONTGOMERY COUNTY MUD 107,TRUE,FALSE,5857494,18,2008-2025,14.1,HIGH
HARRIS COUNTY WCID 021,3850000,HARRIS COUNTY WCID 21,FALSE,FALSE,3850000,19,2007-2025,14.06,HIGH
FORT BEND COUNTY MUD 216,3083288,FORT BEND COUNTY MUD 216,TRUE,FALSE,3083288,2,2024-2025,14.05,HIGH
VALLEY RANCH MUD 01,8268650,VALLEY RANCH MUD 1,FALSE,FALSE,8268650,18,2008-2025,14.05,HIGH
FORT BEND COUNTY MUD 171,3079431,FORT BEND COUNTY MUD 171,TRUE,FALSE,3079431,16,2010-2025,14.03,HIGH
MONTGOMERY COUNTY MUD 164,5857630,MONTGOMERY COUNTY MUD 164,TRUE,FALSE,5857630,4,2022-2025,14.01,HIGH
FORT BEND COUNTY LID 002,3071000,FORT BEND COUNTY LID 2,FALSE,FALSE,3071000,19,2007-2025,13.98,HIGH
TRAVIS COUNTY MUD 11,7824500,TRAVIS COUNTY MUD 11,TRUE,FALSE,7824500,18,2008-2025,13.95,HIGH
CADDO MILLS MMD 01,1827500,CADDO MILLS MMD 1,FALSE,FALSE,1827500,5,2021-2025,13.93,HIGH
KAUFMAN COUNTY FWSD 4B,5159997,KAUFMAN COUNTY FWSD 4B,TRUE,FALSE,5159997,2,2024-2025,13.84,HIGH
CHAMBERS COUNTY ID 3,2265450,CHAMBERS COUNTY IMPROVEMENT DISTRICT 3,FALSE,FALSE,2265450,2,2024-2025,13.81,HIGH
MONTGOMERY COUNTY WCID 1,5860000,MONTGOMERY COUNTY WCID 1,TRUE,FALSE,5860000,19,2007-2025,13.8,HIGH
HARRIS COUNTY MUD 481,2055446,HARRIS COUNTY MUD 481,TRUE,FALSE,2055446,11,2015-2025,13.79,HIGH
MIDLOTHIAN MMD 2,5842375,MIDLOTHIAN MUNICIPAL MANAGEMENT DISTRICT 2,FALSE,FALSE,5842375,1,2025-2025,13.78,HIGH
WILLIAMSON COUNTY MUD 25,8664469,WILLIAMSON COUNTY MUD 25,TRUE,FALSE,8664469,7,2019-2025,13.77,HIGH
MISSOURI CITY MANAGEMENT DISTRICT 1,5853566,MISSOURI CITY MANAGEMENT DISTRICT 1,TRUE,FALSE,5853566,5,2021-2025,13.74,HIGH
HARRIS COUNTY MUD 070,3737188,HARRIS COUNTY MUD 70,FALSE,FALSE,3737188,19,2007-2025,13.62,HIGH
HARRIS COUNTY MUD 537,3747157,HARRIS COUNTY MUD 537,TRUE,FALSE,3747157,9,2017-2025,13.62,HIGH
WILLIAMSON COUNTY MUD 22,8664375,WILLIAMSON COUNTY MUD 22,TRUE,FALSE,8664375,11,2015-2025,13.55,HIGH
PASEO DEL ESTE MUD 06,7024997,PASEO DEL ESTE MUD 6,FALSE,FALSE,7024997,4,2022-2025,13.55,HIGH
GREENWOOD UD,3418000,GREENWOOD UTILITY DISTRICT,FALSE,FALSE,3418000,19,2007-2025,13.54,HIGH
BLOCK HOUSE MUD,1546000,BLOCK HOUSE MUD,TRUE,FALSE,1546000,19,2007-2025,13.53,HIGH
BROWN COUNTY WID 1,1720000,BROWN COUNTY WID 1,TRUE,FALSE,1720000,19,2007-2025,13.48,HIGH
FORT BEND COUNTY MUD 250,3079920,FORT BEND COUNTY MUD 250,TRUE,FALSE,3079920,1,2025-2025,13.47,HIGH
HARRIS COUNTY MUD 188,3737444,HARRIS COUNTY MUD 188,TRUE,FALSE,3737444,19,2007-2025,13.47,HIGH
NORTHWEST HARRIS COUNTY MUD 15,6041540,NORTHWEST HARRIS COUNTY MUD 15,TRUE,FALSE,6041540,19,2007-2025,13.43,HIGH
MALCOMSON ROAD UD,5662200,MALCOMSON ROAD UTILITY DISTRICT,FALSE,FALSE,5662200,19,2007-2025,13.38,HIGH
MEYER RANCH MUD OF COMAL COUNTY,5832250,MEYER RANCH MUD,FALSE,FALSE,5832250,6,2020-2025,13.38,HIGH
BRAZORIA COUNTY MUD 61,1636558,BRAZORIA COUNTY MUD 61,TRUE,FALSE,1636558,8,2018-2025,13.36,HIGH
HARRIS COUNTY MUD 410,3737133,HARRIS COUNTY MUD 410,TRUE,FALSE,3737133,17,2009-2025,13.29,HIGH
CHARTERWOOD MUD,2283250,CHARTERWOOD MUD,TRUE,FALSE,2283250,19,2007-2025,13.26,HIGH
FIRST COLONY MUD 10,3037150,FIRST COLONY MUD 10,TRUE,FALSE,3037150,18,2008-2025,13.22,HIGH
HARRIS COUNTY MUD 396,3738450,HARRIS COUNTY MUD 396,TRUE,FALSE,3738450,19,2007-2025,13.2,HIGH
DALLAS COUNTY WCID 6,2670000,DALLAS COUNTY WCID 6,TRUE,FALSE,2670000,7,2007-2013,13.2,HIGH
NORTHWEST WILLIAMSON COUNTY MUD 2,6042870,NORTHWEST WILLIAMSON COUNTY MUD 2,TRUE,FALSE,6042870,3,2023-2025,13.17,HIGH
HORSEPEN BAYOU MUD,4649000,HORSEPEN BAYOU MUD,TRUE,FALSE,4649000,19,2007-2025,13.16,HIGH
HARRIS COUNTY MUD 168,3737404,HARRIS COUNTY MUD 168,TRUE,FALSE,3737404,19,2007-2025,13.13,HIGH
HARRIS COUNTY MUD 064,3737176,HARRIS COUNTY MUD 64,FALSE,FALSE,3737176,19,2007-2025,13.13,HIGH
WEST HARRIS COUNTY MUD 10,8472962,WEST HARRIS COUNTY MUD 10,TRUE,FALSE,8472962,19,2007-2025,13.12,HIGH
WEST HARRIS COUNTY MUD 09,8472960,WEST HARRIS COUNTY MUD 9,FALSE,FALSE,8472960,19,2007-2025,13.1,HIGH
FORT BEND COUNTY MUD 140,3084947,FORT BEND COUNTY MUD 140,TRUE,FALSE,3084947,19,2007-2025,13.06,HIGH
ROLLING CREEK UD,7315000,ROLLING CREEK UTILITY DISTRICT,FALSE,FALSE,7315000,19,2007-2025,13.05,HIGH
FORT BEND COUNTY LID 012,3073500,FORT BEND COUNTY LID 12,FALSE,FALSE,3073500,19,2007-2025,13.04,HIGH
FORT BEND COUNTY ID 24,3068050,FORT BEND COUNTY IMPROVEMENT DISTRICT 24,FALSE,FALSE,3068050,5,2021-2025,12.98,HIGH
ADDICKS UD,985000,ADDICKS UTILITY DISTRICT,FALSE,FALSE,985000,19,2007-2025,12.97,HIGH
PARKSIDE ON THE RIVER MUD 1,7023788,PARKSIDE ON THE RIVER MUD 1,TRUE,FALSE,7023788,3,2023-2025,12.94,HIGH
MONTGOMERY COUNTY MUD 96,5858252,MONTGOMERY COUNTY MUD 96,TRUE,FALSE,5858252,6,2020-2025,12.9,HIGH
NEW FAIRVIEW MUD 1,5953250,NEW FAIRVIEW MUD 1,TRUE,FALSE,5953250,4,2022-2025,12.86,HIGH
OAK POINT WCID 4,6184688,OAK POINT WCID 4,TRUE,FALSE,6184688,8,2018-2025,12.85,HIGH
WEST TRAVIS COUNTY MUD 06,8489300,WEST TRAVIS COUNTY MUD 6,FALSE,FALSE,8489300,19,2007-2025,12.85,HIGH
FORT BEND COUNTY MUD 021,3079600,FORT BEND COUNTY MUD 21,FALSE,FALSE,3079600,7,2007-2013,12.84,HIGH
ANTHEM MUD,1030500,ANTHEM MUD,TRUE,FALSE,1030500,4,2022-2025,12.77,HIGH
MONTGOMERY COUNTY MUD 163,5857622,MONTGOMERY COUNTY MUD 163,TRUE,FALSE,5857622,2,2024-2025,12.76,HIGH
FORT BEND COUNTY LID 010,3073380,FORT BEND COUNTY LID 10,FALSE,FALSE,3073380,19,2007-2025,12.71,HIGH
HARRIS COUNTY MUD 575,6368588,HARRIS COUNTY MUD 575,TRUE,FALSE,6368588,3,2023-2025,12.69,HIGH
LEANDER MUD 1,5382250,LEANDER MUD 1,TRUE,FALSE,5382250,4,2022-2025,12.68,HIGH
FORT BEND COUNTY MUD 130,3084897,FORT BEND COUNTY MUD 130,TRUE,FALSE,3084897,19,2007-2025,12.66,HIGH
LAKESIDE MUD 3,5312000,LAKESIDE MUD 3,TRUE,FALSE,5312000,17,2009-2025,12.63,HIGH
HARRIS COUNTY MUD 166,3737400,HARRIS COUNTY MUD 166,TRUE,FALSE,3737400,19,2007-2025,12.62,HIGH
GALVESTON COUNTY WCID 01,3220000,GALVESTON COUNTY WCID 1,FALSE,FALSE,3220000,19,2007-2025,12.58,HIGH
LAKEHAVEN MUD,5311699,LAKEHAVEN MUD,TRUE,FALSE,5311699,1,2025-2025,12.57,HIGH
KLEINWOOD MUD,5197600,KLEINWOOD MUD,TRUE,FALSE,5197600,19,2007-2025,12.56,HIGH
HARRIS COUNTY MUD 416,3737159,HARRIS COUNTY MUD 416,TRUE,FALSE,3737159,9,2017-2025,12.55,HIGH
NORTH SAN GABRIEL MUD 1,6e+06,NORTH SAN GABRIEL MUD 1,TRUE,FALSE,6e+06,1,2025-2025,12.55,HIGH
HARRIS COUNTY MUD 342,3737920,HARRIS COUNTY MUD 342,TRUE,FALSE,3737920,16,2007-2022,12.51,HIGH
HARRIS COUNTY MUD 154,3737366,HARRIS COUNTY MUD 154,TRUE,FALSE,3737366,19,2007-2025,12.49,HIGH
HARRIS COUNTY MUD 450,3737155,HARRIS COUNTY MUD 450,TRUE,FALSE,3737155,16,2010-2025,12.45,HIGH
WILLIAMSON-LIBERTY HILL MUD,8669375,WILLIAMSON-LIBERTY HILL MUD,TRUE,FALSE,8669375,8,2018-2025,12.41,HIGH
ENCANTO REAL UD,2880000,ENCANTO REAL UTILITY DISTRICT,FALSE,FALSE,2880000,19,2007-2025,12.39,HIGH
CANEY CREEK MUD,2253675,CANEY CREEK MUD,TRUE,FALSE,2253675,19,2007-2025,12.37,HIGH
HARRIS COUNTY MUD 361,3738100,HARRIS COUNTY MUD 361,TRUE,FALSE,3738100,19,2007-2025,12.31,HIGH
BURNEY ROAD MUD,1762000,BURNEY ROAD MUD,TRUE,FALSE,1762000,19,2007-2025,12.31,HIGH
WILLIAMSON COUNTY MUD 51,1011901,WILLIAMSON COUNTY MUD 51,TRUE,FALSE,1011901,1,2025-2025,12.3,HIGH
WALLER COUNTY MUD 35,8344298,WALLER COUNTY MUD 35,TRUE,FALSE,8344298,2,2024-2025,12.3,HIGH
LEANDER TODD MUD 1,5383000,LEANDER TODD MUD 1,TRUE,FALSE,5383000,8,2018-2025,12.24,HIGH
FORT BEND COUNTY MUD 139,3082824,FORT BEND COUNTY MUD 139,TRUE,FALSE,3082824,14,2012-2025,12.23,HIGH
HARRIS COUNTY MUD 011,3737070,HARRIS COUNTY MUD 11,FALSE,FALSE,3737070,19,2007-2025,12.21,HIGH
FIRST COLONY MUD 9,3039500,FIRST COLONY MUD 9,TRUE,FALSE,3039500,19,2007-2025,12.2,HIGH
VAN ALSTYNE MUD 1,8270150,VAN ALSTYNE MUD 1,TRUE,FALSE,8270150,4,2022-2025,12.11,HIGH
HARRIS COUNTY WCID 036,3925000,HARRIS COUNTY WCID 36,FALSE,FALSE,3925000,19,2007-2025,12.07,HIGH
BRAZORIA COUNTY MUD 29,1636083,BRAZORIA COUNTY MUD 29,TRUE,FALSE,1636083,17,2009-2025,12.04,HIGH
WEST WILLIAMSON COUNTY MUD 1,8491000,WEST WILLIAMSON COUNTY MUD 1,TRUE,FALSE,8491000,9,2017-2025,12,HIGH
GALVESTON COUNTY MUD 36,3202620,GALVESTON COUNTY MUD 36,TRUE,FALSE,3202620,1,2025-2025,11.98,HIGH
HARRIS COUNTY MUD 127,3737312,HARRIS COUNTY MUD 127,TRUE,FALSE,3737312,19,2007-2025,11.96,HIGH
JOHNSON RANCH MUD,2392500,JOHNSON RANCH MUD,TRUE,FALSE,2392500,8,2018-2025,11.93,HIGH
BAMMEL UD,1175000,BAMMEL UTILITY DISTRICT,FALSE,FALSE,1175000,4,2022-2025,11.93,HIGH
HARRIS COUNTY FWSD 51,3727000,HARRIS COUNTY FWSD 51,TRUE,FALSE,3727000,19,2007-2025,11.93,HIGH
HARRIS COUNTY MUD 358,3738050,HARRIS COUNTY MUD 358,TRUE,FALSE,3738050,17,2009-2025,11.89,HIGH
MONTGOMERY COUNTY MUD 170,5857653,MONTGOMERY COUNTY MUD 170,TRUE,FALSE,5857653,2,2024-2025,11.87,HIGH
HARRIS COUNTY MUD 152,3737362,HARRIS COUNTY MUD 152,TRUE,FALSE,3737362,19,2007-2025,11.85,HIGH
UPPER LEON RIVER MWD,8127000,UPPER LEON RIVER MWD,TRUE,FALSE,8127000,19,2007-2025,11.84,HIGH
GALVESTON COUNTY MUD 06,3202400,GALVESTON COUNTY MUD 6,FALSE,FALSE,3202400,19,2007-2025,11.77,HIGH
HARRIS COUNTY MUD 499,3737102,HARRIS COUNTY MUD 499,TRUE,FALSE,3737102,9,2017-2025,11.73,HIGH
HARRIS COUNTY MUD 559,9000022,HARRIS COUNTY MUD 559,TRUE,FALSE,9000022,2,2024-2025,11.69,HIGH
HARRIS COUNTY MUD 148,3737354,HARRIS COUNTY MUD 148,TRUE,FALSE,3737354,19,2007-2025,11.55,HIGH
PASEO DEL ESTE MUD 01,7024900,PASEO DEL ESTE MUD 1,FALSE,FALSE,7024900,4,2022-2025,11.54,HIGH
HARRIS COUNTY MUD 033,3737114,HARRIS COUNTY MUD 33,FALSE,FALSE,3737114,19,2007-2025,11.54,HIGH
FORT BEND COUNTY MUD 024,3079900,FORT BEND COUNTY MUD 24,FALSE,FALSE,3079900,18,2008-2025,11.5,HIGH
HARRIS COUNTY MUD 061,3737170,HARRIS COUNTY MUD 61,FALSE,FALSE,3737170,19,2007-2025,11.48,HIGH
KARIS MMD,5145000,KARIS MMD,TRUE,FALSE,5145000,1,2025-2025,11.48,HIGH
EAST MONTGOMERY COUNTY MUD 3,2802150,EAST MONTGOMERY COUNTY MUD 3,TRUE,FALSE,2802150,18,2008-2025,11.44,HIGH
SENNA HILLS MUD,7554500,SENNA HILLS MUD,TRUE,FALSE,7554500,19,2007-2025,11.43,HIGH
KAUFMAN COUNTY MUD 11,5196040,KAUFMAN COUNTY MUD 11,TRUE,FALSE,5196040,18,2008-2025,11.37,HIGH
HARRIS COUNTY MUD 249,3737572,HARRIS COUNTY MUD 249,TRUE,FALSE,3737572,19,2007-2025,11.36,HIGH
HARRIS COUNTY MUD 551,3738952,HARRIS COUNTY MUD 551,TRUE,FALSE,3738952,6,2020-2025,11.36,HIGH
MONTGOMERY COUNTY MUD 166,5857644,MONTGOMERY COUNTY MUD 166,TRUE,FALSE,5857644,4,2022-2025,11.34,HIGH
FORT BEND COUNTY MUD 109,3081900,FORT BEND COUNTY MUD 109,TRUE,FALSE,3081900,11,2007-2017,11.29,HIGH
GRAND LAKES MUD 2,3403015,GRAND LAKES MUD 2,TRUE,FALSE,3403015,14,2007-2020,11.29,HIGH
NORTHEAST HARRIS COUNTY MUD 1,5980500,NORTHEAST HARRIS COUNTY MUD 1,TRUE,FALSE,5980500,16,2010-2025,11.23,HIGH
FORT BEND COUNTY MUD 175,3079445,FORT BEND COUNTY MUD 175,TRUE,FALSE,3079445,2,2024-2025,11.19,HIGH
HARRIS COUNTY MUD 086,3737220,HARRIS COUNTY MUD 86,FALSE,FALSE,3737220,19,2007-2025,11.18,HIGH
SOUTHEAST TRAVIS COUNTY MUD 1,7579025,SOUTHEAST TRAVIS COUNTY MUD 1,TRUE,FALSE,7579025,5,2021-2025,11.18,HIGH
FORT BEND COUNTY MUD 158,3079323,FORT BEND COUNTY MUD 158,TRUE,FALSE,3079323,18,2008-2025,11.18,HIGH
FORT BEND COUNTY MUD 115,3083800,FORT BEND COUNTY MUD 115,TRUE,FALSE,3083800,19,2007-2025,11.15,HIGH
EMERALD FOREST UD,2875000,EMERALD FOREST UTILITY DISTRICT,FALSE,FALSE,2875000,19,2007-2025,11.14,HIGH
HARRIS COUNTY MUD 120,3737288,HARRIS COUNTY MUD 120,TRUE,FALSE,3737288,19,2007-2025,11.14,HIGH
INTERSTATE MUD,4713000,INTERSTATE MUD,TRUE,FALSE,4713000,19,2007-2025,11.13,HIGH
FORT BEND COUNTY MUD 106,3081600,FORT BEND COUNTY MUD 106,TRUE,FALSE,3081600,11,2007-2017,11.1,HIGH
MAYDE CREEK MUD,5786700,MAYDE CREEK MUD,TRUE,FALSE,5786700,19,2007-2025,11.03,HIGH
GRAND LAKES MUD 1,3403010,GRAND LAKES MUD 1,TRUE,FALSE,3403010,19,2007-2025,11.03,HIGH
FAULKEY GULLY MUD,3028000,FAULKEY GULLY MUD,TRUE,FALSE,3028000,19,2007-2025,10.96,HIGH
MONTGOMERY COUNTY UD 4,5859510,MONTGOMERY COUNTY UTILITY DISTRICT 4,FALSE,FALSE,5859510,19,2007-2025,10.94,HIGH
GALVESTON COUNTY MUD 73,3209909,GALVESTON COUNTY MUD 73,TRUE,FALSE,3209909,1,2025-2025,10.9,HIGH
HARRIS COUNTY MUD 529,3737179,HARRIS COUNTY MUD 529,TRUE,FALSE,3737179,10,2016-2025,10.88,HIGH
RANCHO DEL CIELO MUD,7175450,RANCHO DEL CIELO MUD,TRUE,FALSE,7175450,2,2024-2025,10.87,HIGH
CINCO MUD 14,2286742,CINCO MUD 14,TRUE,FALSE,2286742,19,2007-2025,10.85,HIGH
POINT AQUARIUS MUD,7112000,POINT AQUARIUS MUD,TRUE,FALSE,7112000,19,2007-2025,10.85,HIGH
HARRIS COUNTY MUD 365,3738150,HARRIS COUNTY MUD 365,TRUE,FALSE,3738150,19,2007-2025,10.84,HIGH
LEANDER MUD 2,5382500,LEANDER MUD 2,TRUE,FALSE,5382500,4,2022-2025,10.8,HIGH
LONE OAK FARM MUD,5445250,LONE OAK FARM MUD,TRUE,FALSE,5445250,2,2024-2025,10.78,HIGH
CLL MUD 1,2307075,CLL MUD 1,TRUE,FALSE,2307075,2,2024-2025,10.77,HIGH
BACLIFF MUD,1170000,BACLIFF MUD,TRUE,FALSE,1170000,19,2007-2025,10.76,HIGH
WILBARGER CREEK MUD 2,8637500,WILBARGER CREEK MUD 2,TRUE,FALSE,8637500,19,2007-2025,10.74,HIGH
WILLIAMSON COUNTY MUD 19C,8664005,WILLIAMSON COUNTY MUD 19C,TRUE,FALSE,8664005,3,2023-2025,10.71,HIGH
NORTHWEST HARRIS COUNTY MUD 16,6041550,NORTHWEST HARRIS COUNTY MUD 16,TRUE,FALSE,6041550,19,2007-2025,10.7,HIGH
HARRIS COUNTY MUD 130,3737318,HARRIS COUNTY MUD 130,TRUE,FALSE,3737318,12,2007-2018,10.67,HIGH
FORT BEND COUNTY MUD 162,3079325,FORT BEND COUNTY MUD 162,TRUE,FALSE,3079325,18,2008-2025,10.66,HIGH
WILLIAMSON COUNTY MUD 19F,8832057,WILLIAMSON COUNTY MUD 19F,TRUE,FALSE,8832057,2,2024-2025,10.63,HIGH
GALVESTON COUNTY MUD 14,3202524,GALVESTON COUNTY MUD 14,TRUE,FALSE,3202524,19,2007-2025,10.59,HIGH
LAKE MCQUEENEY WCID 1,5310800,LAKE MCQUEENEY WCID 1,TRUE,FALSE,5310800,2,2024-2025,10.55,HIGH
CHAMBERS COUNTY MUD 1,2265500,CHAMBERS COUNTY MUD 1,TRUE,FALSE,2265500,19,2007-2025,10.51,HIGH
VALWOOD IMPROVEMENT AUTHORITY,8269800,VALWOOD IMPROVEMENT AUTHORITY,TRUE,FALSE,8269800,18,2007-2024,10.45,HIGH
HARRIS COUNTY MUD 063,3737174,HARRIS COUNTY MUD 63,FALSE,FALSE,3737174,15,2011-2025,10.43,HIGH
FORT BEND COUNTY MUD 163,3079338,FORT BEND COUNTY MUD 163,TRUE,FALSE,3079338,10,2016-2025,10.38,HIGH
TITUS COUNTY FWSD 1,7790000,TITUS COUNTY FWSD 1,TRUE,FALSE,7790000,10,2007-2016,10.32,HIGH
BRAZORIA COUNTY MUD 3,1635500,BRAZORIA COUNTY MUD 3,TRUE,FALSE,1635500,14,2007-2020,10.32,HIGH
WALLER COUNTY MUD 9B,8344766,WALLER COUNTY MUD 9B,TRUE,FALSE,8344766,5,2021-2025,10.3,HIGH
FORT BEND COUNTY MUD 124,3084885,FORT BEND COUNTY MUD 124,TRUE,FALSE,3084885,19,2007-2025,10.29,HIGH
HARRIS COUNTY MUD 389,3738436,HARRIS COUNTY MUD 389,TRUE,FALSE,3738436,19,2007-2025,10.28,HIGH
EAST MONTGOMERY COUNTY MUD 4,2802200,EAST MONTGOMERY COUNTY MUD 4,TRUE,FALSE,2802200,7,2019-2025,10.28,HIGH
KAUFMAN COUNTY MUD 09,5196020,KAUFMAN COUNTY MUD 9,FALSE,FALSE,5196020,1,2025-2025,10.25,HIGH
HARRIS COUNTY MUD 422,3737161,HARRIS COUNTY MUD 422,TRUE,FALSE,3737161,7,2019-2025,10.21,HIGH
HARRIS COUNTY MUD 158,3737374,HARRIS COUNTY MUD 158,TRUE,FALSE,3737374,19,2007-2025,10.16,HIGH
SHELDON ROAD MUD,7571500,SHELDON ROAD MUD,TRUE,FALSE,7571500,4,2022-2025,10.15,HIGH
MONTGOMERY COUNTY DD 10,5854007,MONTGOMERY COUNTY DRAINAGE DISTRICT 10,FALSE,FALSE,5854007,19,2007-2025,10.09,HIGH
NORTH HAYS COUNTY MUD 2,4699001,NORTH HAYS COUNTY MUD 2,TRUE,FALSE,4699001,2,2024-2025,10.09,HIGH
PASEO DEL ESTE MUD 04,7024988,PASEO DEL ESTE MUD 4,FALSE,FALSE,7024988,3,2023-2025,10.01,HIGH
WALLER COUNTY MUD 37,8344415,WALLER COUNTY MUD 37,TRUE,FALSE,8344415,3,2023-2025,9.98,HIGH
FORT BEND COUNTY MUD 184,3747159,FORT BEND COUNTY MUD 184,TRUE,FALSE,3747159,8,2018-2025,9.96,HIGH
DECKER PRAIRIE MUD,2693909,DECKER PRAIRIE MUD,TRUE,FALSE,2693909,2,2024-2025,9.9,HIGH
LAKESIDE MUD 5,5312250,LAKESIDE MUD 5,TRUE,FALSE,5312250,1,2025-2025,9.9,HIGH
SAN LEON MUD,7495000,SAN LEON MUD,TRUE,FALSE,7495000,19,2007-2025,9.89,HIGH
KAUFMAN COUNTY MUD 06,5189725,KAUFMAN COUNTY MUD 6,FALSE,FALSE,5189725,19,2007-2025,9.88,HIGH
SAGEMEADOW UD,7404000,SAGEMEADOW UTILITY DISTRICT,FALSE,FALSE,7404000,19,2007-2025,9.88,HIGH
BRAZORIA COUNTY MUD 66,1651234,BRAZORIA COUNTY MUD 66,TRUE,FALSE,1651234,6,2020-2025,9.87,HIGH
DENTON COUNTY MUD 4,2722017,DENTON COUNTY MUD 4,TRUE,FALSE,2722017,19,2007-2025,9.87,HIGH
HARRIS COUNTY MUD 381,3738409,HARRIS COUNTY MUD 381,TRUE,FALSE,3738409,19,2007-2025,9.8,HIGH
CROSBY MUD,2412000,CROSBY MUD,TRUE,FALSE,2412000,19,2007-2025,9.79,HIGH
HARRIS COUNTY MUD 151,3737360,HARRIS COUNTY MUD 151,TRUE,FALSE,3737360,16,2007-2022,9.75,HIGH
GALVESTON COUNTY MUD 15,3202526,GALVESTON COUNTY MUD 15,TRUE,FALSE,3202526,16,2007-2022,9.74,HIGH
THE COLONY MUD 1B,4114751,THE COLONY MUD 1B,TRUE,FALSE,4114751,2,2024-2025,9.74,HIGH
WEST HARRIS COUNTY MUD 05,8472925,WEST HARRIS COUNTY MUD 5,FALSE,FALSE,8472925,19,2007-2025,9.74,HIGH
KAUFMAN COUNTY MUD 07,5189743,KAUFMAN COUNTY MUD 7,FALSE,FALSE,5189743,19,2007-2025,9.73,HIGH
HARRIS COUNTY MUD 478,3742100,HARRIS COUNTY MUD 478,TRUE,FALSE,3742100,1,2025-2025,9.7,HIGH
DENTON COUNTY MUD 5,2722019,DENTON COUNTY MUD 5,TRUE,FALSE,2722019,18,2008-2025,9.69,HIGH
HARRIS COUNTY MUD 200,3737468,HARRIS COUNTY MUD 200,TRUE,FALSE,3737468,19,2007-2025,9.68,HIGH
NORTHWEST DALLAS COUNTY FCD,6024500,NORTHWEST DALLAS COUNTY FCD,TRUE,FALSE,6024500,19,2007-2025,9.66,HIGH
HARRIS COUNTY MUD 382,3738410,HARRIS COUNTY MUD 382,TRUE,FALSE,3738410,19,2007-2025,9.65,HIGH
HARRIS COUNTY MUD 156,3737370,HARRIS COUNTY MUD 156,TRUE,FALSE,3737370,18,2008-2025,9.62,HIGH
MISSOURI CITY MANAGEMENT DISTRICT 2,5853599,MISSOURI CITY MANAGEMENT DISTRICT 2,TRUE,FALSE,5853599,2,2024-2025,9.61,HIGH
HARRIS COUNTY MUD 180,3737428,HARRIS COUNTY MUD 180,TRUE,FALSE,3737428,19,2007-2025,9.53,HIGH
BRAZORIA COUNTY MUD 44,1636250,BRAZORIA COUNTY MUD 44,TRUE,FALSE,1636250,2,2024-2025,9.52,HIGH
HARRIS COUNTY MUD 459,3737163,HARRIS COUNTY MUD 459,TRUE,FALSE,3737163,12,2014-2025,9.51,HIGH
MONTGOMERY COUNTY MUD 141,5857548,MONTGOMERY COUNTY MUD 141,TRUE,FALSE,5857548,8,2018-2025,9.47,HIGH
HARRIS COUNTY MUD 104,3737256,HARRIS COUNTY MUD 104,TRUE,FALSE,3737256,19,2007-2025,9.46,HIGH
RIVERFIELD MUD 01 OF HUNT & COLLIN COUNTIES,7288498,RIVERFIELD MUD 1 OF HUNT AND COLLIN COUNTIES,FALSE,FALSE,7288498,2,2024-2025,9.46,HIGH
HARRIS COUNTY MUD 081,3737210,HARRIS COUNTY MUD 81,FALSE,FALSE,3737210,19,2007-2025,9.41,HIGH
ROLLING V RANCH WCID 1,7318350,ROLLING V RANCH WCID 1,TRUE,FALSE,7318350,2,2024-2025,9.4,HIGH
HARRIS COUNTY MUD 372,3738380,HARRIS COUNTY MUD 372,TRUE,FALSE,3738380,18,2007-2024,9.38,HIGH
SIENNA MUD 5,7573750,SIENNA MUD 5,TRUE,FALSE,7573750,1,2025-2025,9.38,HIGH
BRAZORIA COUNTY MUD 73,71,BRAZORIA COUNTY MUD 73,TRUE,FALSE,71,4,2022-2025,9.35,HIGH
HARRIS COUNTY MUD 473,3737069,HARRIS COUNTY MUD 473,TRUE,FALSE,3737069,5,2021-2025,9.34,HIGH
CROSSWINDS MUD,2412175,CROSSWINDS MUD,TRUE,FALSE,2412175,7,2019-2025,9.31,HIGH
BRAZORIA COUNTY MUD 35,1635750,BRAZORIA COUNTY MUD 35,TRUE,FALSE,1635750,17,2009-2025,9.28,HIGH
GREENBELT MUNICIPAL & INDUSTRIAL WA,3415000,GREENBELT MUNICIPAL & INDUSTRIAL WATER AUTHORITY,FALSE,FALSE,3415000,19,2007-2025,9.27,HIGH
MONTGOMERY COUNTY MUD 165,5857639,MONTGOMERY COUNTY MUD 165,TRUE,FALSE,5857639,3,2023-2025,9.26,HIGH
NORTHWEST HARRIS COUNTY MUD 06,6041150,NORTHWEST HARRIS COUNTY MUD 6,FALSE,FALSE,6041150,19,2007-2025,9.22,HIGH
HARRIS COUNTY MUD 460,3737142,HARRIS COUNTY MUD 460,TRUE,FALSE,3737142,14,2012-2025,9.19,HIGH
PALMERA RIDGE MUD,6480003,PALMERA RIDGE MUD,TRUE,FALSE,6480003,9,2017-2025,9.19,HIGH
LIVE OAK CREEK MUD 1,3098750,LIVE OAK CREEK MUD 1,TRUE,FALSE,3098750,14,2012-2025,9.18,HIGH
NORTHWEST HARRIS COUNTY MUD 12,6041510,NORTHWEST HARRIS COUNTY MUD 12,TRUE,FALSE,6041510,19,2007-2025,9.16,HIGH
HARRIS COUNTY MUD 118,3737284,HARRIS COUNTY MUD 118,TRUE,FALSE,3737284,19,2007-2025,9.14,HIGH
FORT BEND COUNTY MUD 147,3079654,FORT BEND COUNTY MUD 147,TRUE,FALSE,3079654,8,2018-2025,9.13,HIGH
VERANDAH MUD,8272200,VERANDAH MUD,TRUE,FALSE,8272200,16,2010-2025,9.12,HIGH
PASEO DEL ESTE MUD 09,7025001,PASEO DEL ESTE MUD 9,FALSE,FALSE,7025001,6,2020-2025,9.12,HIGH
FORT BEND COUNTY MUD 042,3079974,FORT BEND COUNTY MUD 42,FALSE,FALSE,3079974,19,2007-2025,9.1,HIGH
TRAVIS COUNTY MUD 14,7824925,TRAVIS COUNTY MUD 14,TRUE,FALSE,7824925,19,2007-2025,9.09,HIGH
MEMORIAL MUD,5813250,MEMORIAL MUD,TRUE,FALSE,5813250,19,2007-2025,9.07,HIGH
HARRIS COUNTY MUD 321,3737838,HARRIS COUNTY MUD 321,TRUE,FALSE,3737838,19,2007-2025,9.06,HIGH
HARRIS COUNTY MUD 393,3738445,HARRIS COUNTY MUD 393,TRUE,FALSE,3738445,18,2008-2025,9.04,HIGH
CASTLEWOOD MUD,2256400,CASTLEWOOD MUD,TRUE,FALSE,2256400,19,2007-2025,8.98,HIGH
HARRIS COUNTY MUD 213B,3737497,HARRIS COUNTY MUD 213B,TRUE,FALSE,3737497,7,2019-2025,8.94,HIGH
MONTGOMERY COUNTY MUD 98,5858331,MONTGOMERY COUNTY MUD 98,TRUE,FALSE,5858331,19,2007-2025,8.94,HIGH
HARRIS COUNTY MUD 102,3737252,HARRIS COUNTY MUD 102,TRUE,FALSE,3737252,19,2007-2025,8.93,HIGH
HARRIS COUNTY MUD 355,3738010,HARRIS COUNTY MUD 355,TRUE,FALSE,3738010,19,2007-2025,8.89,HIGH
EAST HAYS COUNTY MUD 1,2799950,EAST HAYS COUNTY MUD 1,TRUE,FALSE,2799950,2,2024-2025,8.86,HIGH
OAK POINT WCID 3,6184375,OAK POINT WCID 3,TRUE,FALSE,6184375,6,2020-2025,8.84,HIGH
LAKESIDE WCID 2C,5322375,LAKESIDE WCID 2C,TRUE,FALSE,5322375,19,2007-2025,8.82,HIGH
FAR HILLS UD,3023000,FAR HILLS UTILITY DISTRICT,FALSE,FALSE,3023000,19,2007-2025,8.82,HIGH
WEST WILLIAMSON COUNTY MUD 2,8491500,WEST WILLIAMSON COUNTY MUD 2,TRUE,FALSE,8491500,7,2019-2025,8.8,HIGH
SOUTHERN MONTGOMERY COUNTY MUD,7579050,SOUTHERN MONTGOMERY COUNTY MUD,TRUE,FALSE,7579050,19,2007-2025,8.74,HIGH
BRAZORIA COUNTY MUD 16,1636625,BRAZORIA COUNTY MUD 16,TRUE,FALSE,1636625,19,2007-2025,8.64,HIGH
LAS LOMAS MUD 4A,5365751,LAS LOMAS MUD 4A,TRUE,FALSE,5365751,2,2024-2025,8.61,HIGH
ALPHA RANCH WCID,990500,ALPHA RANCH WCID OF DENTON AND WISE COUNTIES,FALSE,FALSE,990500,4,2022-2025,8.61,HIGH
KAUFMAN COUNTY MUD 14,5189760,KAUFMAN COUNTY MUD 14,TRUE,FALSE,5189760,17,2009-2025,8.61,HIGH
MONTGOMERY COUNTY MUD 99,5853754,MONTGOMERY COUNTY MUD 99,TRUE,FALSE,5853754,16,2010-2025,8.61,HIGH
BRAZORIA COUNTY MUD 2,1635000,BRAZORIA COUNTY MUD 2,TRUE,FALSE,1635000,11,2007-2017,8.59,HIGH
HARRIS COUNTY MUD 016,3737080,HARRIS COUNTY MUD 16,FALSE,FALSE,3737080,19,2007-2025,8.58,HIGH
RIVER PLANTATION MUD,7290000,RIVER PLANTATION MUD,TRUE,FALSE,7290000,7,2007-2025,8.56,HIGH
RIVER RANCH ID,7289747,RIVER RANCH IMPROVEMENT DISTRICT,FALSE,FALSE,7289747,1,2025-2025,8.5,HIGH
TRAVIS COUNTY MUD 02,7822000,TRAVIS COUNTY MUD 2,FALSE,FALSE,7822000,19,2007-2025,8.48,HIGH
FORT BEND COUNTY FWSD 2,3066100,FORT BEND COUNTY FWSD 2,TRUE,FALSE,3066100,19,2007-2025,8.42,HIGH
HARRIS COUNTY ID 25,3736697,HARRIS COUNTY IMPROVEMENT DISTRICT 25,FALSE,FALSE,3736697,5,2021-2025,8.41,HIGH
CINCO MUD 08,2286730,CINCO MUD 8,FALSE,FALSE,2286730,19,2007-2025,8.4,HIGH
HARRIS COUNTY MUD 576,5052876,HARRIS COUNTY MUD 576,TRUE,FALSE,5052876,1,2025-2025,8.38,HIGH
JEFFERSON COUNTY DD 6,4920000,JEFFERSON COUNTY DRAINAGE DISTRICT 6,FALSE,FALSE,4920000,19,2007-2025,8.36,HIGH
RANKIN ROAD WEST MUD,7176000,RANKIN ROAD WEST MUD,TRUE,FALSE,7176000,19,2007-2025,8.33,HIGH
LAMAR COUNTY WSD,5336000,LAMAR COUNTY WATER SUPPLY DISTRICT,FALSE,FALSE,5336000,19,2007-2025,8.28,HIGH
MONTGOMERY COUNTY MUD 145,5857549,MONTGOMERY COUNTY MUD 145,TRUE,FALSE,5857549,3,2023-2025,8.27,HIGH
NORTH CHANNEL WA,5980100,NORTH CHANNEL WATER AUTHORITY,FALSE,FALSE,5980100,19,2007-2025,8.26,HIGH
COMAL COUNTY MASTER WID,2386500,COMAL COUNTY MASTER WID,TRUE,FALSE,2386500,2,2024-2025,8.25,HIGH
HARRIS COUNTY MUD 404,3737135,HARRIS COUNTY MUD 404,TRUE,FALSE,3737135,12,2014-2025,8.22,HIGH
NORTHGATE CROSSING MUD 1,5983650,NORTHGATE CROSSING MUD 1,TRUE,FALSE,5983650,19,2007-2025,8.21,HIGH
WILMER MUD 1,8678350,WILMER MUD 1,TRUE,FALSE,8678350,1,2025-2025,8.14,HIGH
MONTGOMERY COUNTY UD 3,5859000,MONTGOMERY COUNTY UTILITY DISTRICT 3,FALSE,FALSE,5859000,19,2007-2025,8.11,HIGH
HARRIS COUNTY WCID 155,4241470,HARRIS COUNTY WCID 155,TRUE,FALSE,4241470,14,2007-2020,8.07,HIGH
PASEO DEL ESTE MUD 05,7024994,PASEO DEL ESTE MUD 5,FALSE,FALSE,7024994,10,2016-2025,8.06,HIGH
HARRIS COUNTY MUD 525,3737254,HARRIS COUNTY MUD 525,TRUE,FALSE,3737254,1,2025-2025,8,HIGH
RENN ROAD MUD,7281270,RENN ROAD MUD,TRUE,FALSE,7281270,19,2007-2025,7.98,HIGH
DENTON COUNTY MUD 9,2722095,DENTON COUNTY MUD 9,TRUE,FALSE,2722095,5,2021-2025,7.97,HIGH
RICEWOOD MUD,7281400,RICEWOOD MUD,TRUE,FALSE,7281400,19,2007-2025,7.94,HIGH
HIDALGO COUNTY MUD 1,4445300,HIDALGO COUNTY MUD 1,TRUE,FALSE,4445300,17,2009-2025,7.93,HIGH
MILLS ROAD MUD,5851000,MILLS ROAD MUD,TRUE,FALSE,5851000,13,2007-2019,7.93,HIGH
MISSION BEND MUD 2,5853500,MISSION BEND MUD 2,TRUE,FALSE,5853500,19,2007-2025,7.86,HIGH
VARNER CREEK UD,8271000,VARNER CREEK UTILITY DISTRICT,FALSE,FALSE,8271000,19,2007-2025,7.86,HIGH
WILLIAMSON COUNTY MUD 34,8664508,WILLIAMSON COUNTY MUD 34,TRUE,FALSE,8664508,5,2021-2025,7.86,HIGH
HARRIS COUNTY WCID 074,4115000,HARRIS COUNTY WCID 74,FALSE,FALSE,4115000,16,2010-2025,7.82,HIGH
BIG SKY MUD,1542500,BIG SKY MUD,TRUE,FALSE,1542500,3,2023-2025,7.81,HIGH
CONROE MUD 1,2403345,CONROE MUD 1,TRUE,FALSE,2403345,11,2015-2025,7.78,HIGH
HARRIS COUNTY MUD 257,3737706,HARRIS COUNTY MUD 257,TRUE,FALSE,3737706,19,2007-2025,7.78,HIGH
INTERCONTINENTAL CROSSING MUD,4711250,INTERCONTINENTAL CROSSING MUD,TRUE,FALSE,4711250,5,2021-2025,7.76,HIGH
WEST TRAVIS COUNTY MUD 08,8489825,WEST TRAVIS COUNTY MUD 8,FALSE,FALSE,8489825,18,2008-2025,7.76,HIGH
GREENHAWE WCID 2,3416150,GREENHAWE WCID 2,TRUE,FALSE,3416150,17,2009-2025,7.66,HIGH
FORT BEND COUNTY MUD 225,3080236,FORT BEND COUNTY MUD 225,TRUE,FALSE,3080236,4,2022-2025,7.65,HIGH
PASEO DEL ESTE MUD 08,7025002,PASEO DEL ESTE MUD 8,FALSE,FALSE,7025002,9,2017-2025,7.62,HIGH
MONTGOMERY COUNTY MUD 110,5854690,MONTGOMERY COUNTY MUD 110,TRUE,FALSE,5854690,2,2024-2025,7.62,HIGH
FERN BLUFF MUD,3035500,FERN BLUFF MUD,TRUE,FALSE,3035500,13,2007-2019,7.61,HIGH
HARRIS COUNTY MUD 280,3737750,HARRIS COUNTY MUD 280,TRUE,FALSE,3737750,18,2007-2024,7.6,HIGH
WEST HARRIS COUNTY MUD 21,8472987,WEST HARRIS COUNTY MUD 21,TRUE,FALSE,8472987,19,2007-2025,7.58,HIGH
DENTON COUNTY LID 1,2721870,DENTON COUNTY LID 1,TRUE,FALSE,2721870,19,2007-2025,7.56,HIGH
NORTHWEST HARRIS COUNTY MUD 24,6041587,NORTHWEST HARRIS COUNTY MUD 24,TRUE,FALSE,6041587,13,2007-2019,7.56,HIGH
CHELFORD CITY MUD,2283300,CHELFORD CITY MUD,TRUE,FALSE,2283300,19,2007-2025,7.53,HIGH
HARRIS-WALLER COUNTIES MUD 12,3737183,HARRIS-WALLER COUNTIES MUD 12,TRUE,FALSE,3737183,1,2025-2025,7.52,HIGH
BRAZOS COUNTY MUD 1,1667000,BRAZOS COUNTY MUD 1,TRUE,FALSE,1667000,5,2021-2025,7.51,HIGH
HARRIS COUNTY WCID 099,4240000,HARRIS COUNTY WCID 99,FALSE,FALSE,4240000,5,2021-2025,7.43,HIGH
HARRIS COUNTY MUD 322,3737840,HARRIS COUNTY MUD 322,TRUE,FALSE,3737840,18,2007-2024,7.43,HIGH
FOREST HILLS MUD,3059721,FOREST HILLS MUD,TRUE,FALSE,3059721,19,2007-2025,7.43,HIGH
HARRIS COUNTY WCID 084,4165000,HARRIS COUNTY WCID 84,FALSE,FALSE,4165000,19,2007-2025,7.38,HIGH
HARRIS COUNTY WCID 109,4241090,HARRIS COUNTY WCID 109,TRUE,FALSE,4241090,19,2007-2025,7.33,HIGH
HAYS COUNTY MUD 4,4420715,HAYS COUNTY MUD 4,TRUE,FALSE,4420715,16,2010-2025,7.32,HIGH
WALLER COUNTY MUD 18,8342891,WALLER COUNTY MUD 18,TRUE,FALSE,8342891,3,2023-2025,7.32,HIGH
NORTH BELT UD,5969000,NORTH BELT UTILITY DISTRICT,FALSE,FALSE,5969000,19,2007-2025,7.3,HIGH
HARRIS COUNTY MUD 233,3737534,HARRIS COUNTY MUD 233,TRUE,FALSE,3737534,19,2007-2025,7.23,HIGH
KAUFMAN COUNTY FWSD 1B,5159951,KAUFMAN COUNTY FWSD 1B,TRUE,FALSE,5159951,19,2007-2025,7.22,HIGH
LAKESIDE WCID 2B,5321250,LAKESIDE WCID 2B,TRUE,FALSE,5321250,19,2007-2025,7.21,HIGH
PASEO DEL ESTE MUD 10,7024700,PASEO DEL ESTE MUD 10,TRUE,FALSE,7024700,18,2008-2025,7.2,HIGH
TIMBERLAKE ID,7784000,TIMBERLAKE IMPROVEMENT DISTRICT,FALSE,FALSE,7784000,19,2007-2025,7.12,HIGH
MONTGOMERY COUNTY WCID 205,5861313,MONTGOMERY COUNTY WCID 205,TRUE,FALSE,5861313,1,2025-2025,7.1,HIGH
HARRIS COUNTY MUD 220,3737508,HARRIS COUNTY MUD 220,TRUE,FALSE,3737508,19,2007-2025,7.03,HIGH
BRAZORIA COUNTY MUD 4,1636000,BRAZORIA COUNTY MUD 4,TRUE,FALSE,1636000,6,2007-2012,7,HIGH
RANCHO ISABELLA MUD,7175500,RANCHO ISABELLA MUD,TRUE,FALSE,7175500,2,2024-2025,7,HIGH
AQUILLA WSD,1036000,AQUILLA WSD,TRUE,FALSE,1036000,19,2007-2025,6.99,HIGH
NOTTINGHAM COUNTRY MUD,6042950,NOTTINGHAM COUNTRY MUD,TRUE,FALSE,6042950,14,2007-2020,6.97,HIGH
BRAZORIA COUNTY MUD 36,1635875,BRAZORIA COUNTY MUD 36,TRUE,FALSE,1635875,8,2018-2025,6.91,HIGH
PASEO DE LA RESACA MUD 3,7024600,PASEO DE LA RESACA MUD 3,TRUE,FALSE,7024600,19,2007-2025,6.83,HIGH
WILBARGER CREEK MUD 1,8635000,WILBARGER CREEK MUD 1,TRUE,FALSE,8635000,8,2018-2025,6.81,HIGH
PALMER PLANTATION MUD 2,6450005,PALMER PLANTATION MUD 2,TRUE,FALSE,6450005,19,2007-2025,6.78,HIGH
BLUE RIDGE WEST MUD,1548000,BLUE RIDGE WEST MUD,TRUE,FALSE,1548000,9,2017-2025,6.75,HIGH
WALLER COUNTY MUD 33,8344122,WALLER COUNTY MUD 33,TRUE,FALSE,8344122,3,2023-2025,6.74,HIGH
HARRIS COUNTY MUD 360,3738090,HARRIS COUNTY MUD 360,TRUE,FALSE,3738090,19,2007-2025,6.7,HIGH
FORT BEND COUNTY MUD 111,3082100,FORT BEND COUNTY MUD 111,TRUE,FALSE,3082100,14,2007-2020,6.69,HIGH
ROCK PRAIRIE MANAGEMENT DISTRICT 2,7297438,ROCK PRAIRIE MANAGEMENT DISTRICT 2,TRUE,FALSE,7297438,5,2021-2025,6.68,HIGH
HARRIS COUNTY WCID 116,4241160,HARRIS COUNTY WCID 116,TRUE,FALSE,4241160,10,2007-2025,6.63,HIGH
HARRIS COUNTY MUD 518,3737303,HARRIS COUNTY MUD 518,TRUE,FALSE,3737303,4,2022-2025,6.61,HIGH
VALLEY MUD 2,8267500,VALLEY MUD 2,TRUE,FALSE,8267500,19,2007-2025,6.61,HIGH
KENDALL COUNTY MUD 1,5189983,KENDALL COUNTY MUD 1,TRUE,FALSE,5189983,1,2025-2025,6.6,HIGH
MONTGOMERY COUNTY UD 2,5858500,MONTGOMERY COUNTY UTILITY DISTRICT 2,FALSE,FALSE,5858500,19,2007-2025,6.6,HIGH
FORT BEND COUNTY MUD 141,3084949,FORT BEND COUNTY MUD 141,TRUE,FALSE,3084949,7,2019-2025,6.54,HIGH
MOORE'S CROSSING MUD,5867000,MOORES CROSSING MUD,FALSE,FALSE,5867000,19,2007-2025,6.53,HIGH
TRAVIS COUNTY WCID-POINT VENTURE,7828000,TRAVIS COUNTY WCID-POINT VENTURE,TRUE,FALSE,7828000,19,2007-2025,6.52,HIGH
FORT BEND COUNTY MUD 081,3080054,FORT BEND COUNTY MUD 81,FALSE,FALSE,3080054,19,2007-2025,6.5,HIGH
MONTGOMERY COUNTY MUD 180,5857705,MONTGOMERY COUNTY MUD 180,TRUE,FALSE,5857705,2,2024-2025,6.48,HIGH
PORT O'CONNOR ID,7143000,PORT OCONNOR IMPROVEMENT DISTRICT,FALSE,FALSE,7143000,19,2007-2025,6.43,HIGH
MONTGOMERY COUNTY MUD 142,5970048,MONTGOMERY COUNTY MUD 142,TRUE,FALSE,5970048,7,2019-2025,6.42,HIGH
CLAY ROAD MUD,2296000,CLAY ROAD MUD,TRUE,FALSE,2296000,19,2007-2025,6.37,HIGH
TRAVIS COUNTY MUD 03,7822200,TRAVIS COUNTY MUD 3,FALSE,FALSE,7822200,19,2007-2025,6.36,HIGH
CYPRESSWOOD UD,2414500,CYPRESSWOOD UTILITY DISTRICT,FALSE,FALSE,2414500,13,2013-2025,6.34,HIGH
HARRIS COUNTY MUD 399,3738754,HARRIS COUNTY MUD 399,TRUE,FALSE,3738754,19,2007-2025,6.34,HIGH
HARRIS COUNTY MUD 050,3737148,HARRIS COUNTY MUD 50,FALSE,FALSE,3737148,19,2007-2025,6.33,HIGH
BEXAR COUNTY WCID 10,1370000,BEXAR COUNTY WCID 10,TRUE,FALSE,1370000,7,2019-2025,6.32,HIGH
PINE FOREST MUD,7104250,PINE FOREST MUD,TRUE,FALSE,7104250,4,2022-2025,6.3,HIGH
GALVESTON COUNTY FWSD 6,3200050,GALVESTON COUNTY FWSD 6,TRUE,FALSE,3200050,19,2007-2025,6.27,HIGH
BRAZORIA COUNTY MUD 24,1636658,BRAZORIA COUNTY MUD 24,TRUE,FALSE,1636658,2,2024-2025,6.26,HIGH
GALVESTON COUNTY MUD 66,3202407,GALVESTON COUNTY MUD 66,TRUE,FALSE,3202407,12,2014-2025,6.24,HIGH
FALL CREEK MANAGEMENT DISTRICT,2892900,FALL CREEK MANAGEMENT DISTRICT,TRUE,FALSE,2892900,8,2018-2025,6.2,HIGH
ALTESSA MUD,990751,ALTESSA MUD,TRUE,FALSE,990751,2,2024-2025,6.2,HIGH
BELLA VISTA MUD,1216650,BELLA VISTA MUD,TRUE,FALSE,1216650,8,2007-2014,6.16,HIGH
REID ROAD MUD 1,7281100,REID ROAD MUD 1,TRUE,FALSE,7281100,19,2007-2025,6.16,HIGH
HARRIS COUNTY FWSD 47,3722000,HARRIS COUNTY FWSD 47,TRUE,FALSE,3722000,18,2008-2025,6.14,HIGH
NUECES COUNTY WCID 3,6085000,NUECES COUNTY WCID 3,TRUE,FALSE,6085000,19,2007-2025,6.14,HIGH
MONTGOMERY COUNTY MUD 90,5858162,MONTGOMERY COUNTY MUD 90,TRUE,FALSE,5858162,19,2007-2025,6.14,HIGH
EL PASO COUNTY WCID 4,2858000,EL PASO COUNTY WCID 4,TRUE,FALSE,2858000,19,2007-2025,6.13,HIGH
FORT BEND COUNTY MUD 189,3079494,FORT BEND COUNTY MUD 189,TRUE,FALSE,3079494,5,2021-2025,6.08,HIGH
GALVESTON COUNTY MUD 32,3202605,GALVESTON COUNTY MUD 32,TRUE,FALSE,3202605,16,2010-2025,6.03,HIGH
HARRIS COUNTY MUD 216,3737500,HARRIS COUNTY MUD 216,TRUE,FALSE,3737500,19,2007-2025,6.02,HIGH
HARRIS COUNTY MUD 341,3737900,HARRIS COUNTY MUD 341,TRUE,FALSE,3737900,19,2007-2025,6.02,HIGH
PASEO DEL ESTE MUD 03,7024975,PASEO DEL ESTE MUD 3,FALSE,FALSE,7024975,15,2011-2025,6,HIGH
LAKE PLACID WCID 1,5310913,LAKE PLACID WCID 1,TRUE,FALSE,5310913,2,2024-2025,6,HIGH
WEST HARRIS COUNTY MUD 17,8472980,WEST HARRIS COUNTY MUD 17,TRUE,FALSE,8472980,19,2007-2025,6,HIGH
HARRIS COUNTY MUD 451,3737116,HARRIS COUNTY MUD 451,TRUE,FALSE,3737116,11,2015-2025,5.97,HIGH
FORT BEND COUNTY MUD 112,3082200,FORT BEND COUNTY MUD 112,TRUE,FALSE,3082200,11,2007-2017,5.97,HIGH
FORT BEND COUNTY MUD 047,3079984,FORT BEND COUNTY MUD 47,FALSE,FALSE,3079984,19,2007-2025,5.96,HIGH
KAUFMAN COUNTY MUD 05,5189450,KAUFMAN COUNTY MUD 5,FALSE,FALSE,5189450,19,2007-2025,5.96,HIGH
WILLIAMS RANCH MUD 1,8661500,WILLIAMS RANCH MUD 1,TRUE,FALSE,8661500,7,2019-2025,5.95,HIGH
HARRIS COUNTY MUD 132,3737322,HARRIS COUNTY MUD 132,TRUE,FALSE,3737322,11,2007-2017,5.94,HIGH
THE COLONY MUD 1C,3504125,THE COLONY MUD 1C,TRUE,FALSE,3504125,2,2024-2025,5.94,HIGH
LOUETTA NORTH PUD,5448900,LOUETTA NORTH PUD,TRUE,FALSE,5448900,19,2007-2025,5.93,HIGH
MORTON ROAD MUD,5880000,MORTON ROAD MUD,TRUE,FALSE,5880000,19,2007-2025,5.91,HIGH
LAGO BELLO MUD 1A,5316625,LAGO BELLO MUD 1A,TRUE,FALSE,5316625,1,2025-2025,5.85,HIGH
ROLLING V RANCH WCID 2,7318675,ROLLING V RANCH WCID 2,TRUE,FALSE,7318675,2,2024-2025,5.85,HIGH
WILLIAMSON COUNTY MUD 30,8664501,WILLIAMSON COUNTY MUD 30,TRUE,FALSE,8664501,6,2020-2025,5.85,HIGH
NORTHWEST FREEWAY MUD,6030000,NORTHWEST FREEWAY MUD,TRUE,FALSE,6030000,19,2007-2025,5.83,HIGH
NORTH SAN GABRIEL MUD 2,6000500,NORTH SAN GABRIEL MUD 2,TRUE,FALSE,6000500,3,2023-2025,5.82,HIGH
WEST MEMORIAL MUD,8473900,WEST MEMORIAL MUD,TRUE,FALSE,8473900,19,2007-2025,5.8,HIGH
MEMORIAL HILLS UD,5813000,MEMORIAL HILLS UTILITY DISTRICT,FALSE,FALSE,5813000,15,2011-2025,5.8,HIGH
FORT BEND COUNTY MUD 168,3079425,FORT BEND COUNTY MUD 168,TRUE,FALSE,3079425,2,2024-2025,5.78,HIGH
DENTON COUNTY FWSD 01C,2721830,DENTON COUNTY FWSD 1C,FALSE,FALSE,2721830,2,2020-2021,5.78,HIGH
WOODCREEK MUD,8715000,WOODCREEK MUD,TRUE,FALSE,8715000,19,2007-2025,5.78,HIGH
FORT BEND COUNTY MUD 145,3080360,FORT BEND COUNTY MUD 145,TRUE,FALSE,3080360,14,2012-2025,5.75,HIGH
BERRY CREEK HIGHLANDS MUD,1264000,BERRY CREEK HIGHLANDS MUD,TRUE,FALSE,1264000,2,2024-2025,5.7,HIGH
JEFFERSON COUNTY WCID 10,4995000,JEFFERSON COUNTY WCID 10,TRUE,FALSE,4995000,19,2007-2025,5.68,HIGH
MONTGOMERY COUNTY MUD 07,5857200,MONTGOMERY COUNTY MUD 7,FALSE,FALSE,5857200,11,2007-2017,5.68,HIGH
RICELAND MUD 1,7281350,RICELAND MUD 1,TRUE,FALSE,7281350,1,2025-2025,5.67,HIGH
TRAVIS COUNTY MUD 10,7824000,TRAVIS COUNTY MUD 10,TRUE,FALSE,7824000,19,2007-2025,5.66,HIGH
CHELFORD ONE MUD,2283350,CHELFORD ONE MUD,TRUE,FALSE,2283350,19,2007-2025,5.65,HIGH
WESTLAKE MUD 1,8473500,WESTLAKE MUD 1,TRUE,FALSE,8473500,19,2007-2025,5.65,HIGH
PRAIRIE OAKS MUD,7146719,PRAIRIE OAKS MUD,TRUE,FALSE,7146719,2,2024-2025,5.64,HIGH
TATTOR ROAD MUD,7764000,TATTOR ROAD MUD,TRUE,FALSE,7764000,19,2007-2025,5.62,HIGH
CAMERON COUNTY DD 5,1973000,CAMERON COUNTY DRAINAGE DISTRICT 5,FALSE,FALSE,1973000,5,2021-2025,5.6,HIGH
CINCO MUD 10,2286734,CINCO MUD 10,TRUE,FALSE,2286734,19,2007-2025,5.6,HIGH
HARRIS COUNTY MUD 458,3737167,HARRIS COUNTY MUD 458,TRUE,FALSE,3737167,1,2025-2025,5.59,HIGH
KAUFMAN COUNTY MUD 12,5196050,KAUFMAN COUNTY MUD 12,TRUE,FALSE,5196050,4,2022-2025,5.58,HIGH
HARRIS COUNTY WCID 164,3834375,HARRIS COUNTY WCID 164,TRUE,FALSE,3834375,1,2025-2025,5.57,HIGH
HARRIS COUNTY MUD 046,3737140,HARRIS COUNTY MUD 46,FALSE,FALSE,3737140,19,2007-2025,5.57,HIGH
PASEO DEL ESTE MUD 07,7024999,PASEO DEL ESTE MUD 7,FALSE,FALSE,7024999,7,2019-2025,5.57,HIGH
LANCASTER MUD 1,5350900,LANCASTER MUD 1,TRUE,FALSE,5350900,18,2008-2025,5.51,HIGH
MONTGOMERY COUNTY MUD 178,5857683,MONTGOMERY COUNTY MUD 178,TRUE,FALSE,5857683,3,2023-2025,5.48,HIGH
GALVESTON COUNTY MUD 13,3202522,GALVESTON COUNTY MUD 13,TRUE,FALSE,3202522,10,2007-2016,5.48,HIGH
HARRIS COUNTY MUD 420,3737162,HARRIS COUNTY MUD 420,TRUE,FALSE,3737162,18,2008-2025,5.47,HIGH
HARRIS COUNTY MUD 493,3737105,HARRIS COUNTY MUD 493,TRUE,FALSE,3737105,1,2025-2025,5.45,HIGH
REID ROAD MUD 2,7281210,REID ROAD MUD 2,TRUE,FALSE,7281210,19,2007-2025,5.45,HIGH
SOUTH SHORE HARBOUR MUD 2,7585202,SOUTH SHORE HARBOUR MUD 2,TRUE,FALSE,7585202,5,2007-2011,5.45,HIGH
SIENNA MUD 10,7573914,SIENNA MUD 10,TRUE,FALSE,7573914,1,2025-2025,5.44,HIGH
WISE COUNTY WSD,8690000,WISE COUNTY WSD,TRUE,FALSE,8690000,19,2007-2025,5.42,HIGH
ANGELINA & NECHES RA,1021000,ANGELINA & NECHES RIVER AUTHORITY,FALSE,FALSE,1021000,19,2007-2025,5.38,HIGH
FALLBROOK UD,2892800,FALLBROOK UTILITY DISTRICT,FALSE,FALSE,2892800,19,2007-2025,5.36,HIGH
ROCKWALL COUNTY MUD 7,7310888,ROCKWALL COUNTY MUD 7,TRUE,FALSE,7310888,6,2020-2025,5.34,HIGH
HARRIS COUNTY MUD 411,3737130,HARRIS COUNTY MUD 411,TRUE,FALSE,3737130,19,2007-2025,5.34,HIGH
BASTROP COUNTY WCID 2,1207300,BASTROP COUNTY WCID 2,TRUE,FALSE,1207300,19,2007-2025,5.32,HIGH
FORT BEND COUNTY MUD 200,3079551,FORT BEND COUNTY MUD 200,TRUE,FALSE,3079551,3,2023-2025,5.32,HIGH
GALVESTON COUNTY WCID 08,3290000,GALVESTON COUNTY WCID 8,FALSE,FALSE,3290000,19,2007-2025,5.3,HIGH
HARRIS COUNTY MUD 221,3737510,HARRIS COUNTY MUD 221,TRUE,FALSE,3737510,18,2007-2024,5.3,HIGH
NORTH FOREST MUD,5983000,NORTH FOREST MUD,TRUE,FALSE,5983000,15,2011-2025,5.28,HIGH
SOUTH SHORE HARBOUR MUD 6,7585210,SOUTH SHORE HARBOUR MUD 6,TRUE,FALSE,7585210,8,2007-2014,5.26,HIGH
VISTA OAKS MUD,8664536,VISTA OAKS MUD,TRUE,FALSE,8664536,15,2007-2021,5.19,HIGH
WILLIAMSON-TRAVIS COUNTIES MUD 1,8670000,WILLIAMSON-TRAVIS COUNTIES MUD 1,TRUE,FALSE,8670000,17,2007-2023,5.17,HIGH
HARRIS COUNTY MUD 062,3737172,HARRIS COUNTY MUD 62,FALSE,FALSE,3737172,19,2007-2025,5.16,HIGH
WALSH RANCH MUD,8392500,WALSH RANCH MUD,TRUE,FALSE,8392500,18,2008-2025,5.16,HIGH
HARRIS COUNTY MUD 359,3738070,HARRIS COUNTY MUD 359,TRUE,FALSE,3738070,19,2007-2025,5.14,HIGH
NORTHWEST HARRIS COUNTY MUD 23,6041585,NORTHWEST HARRIS COUNTY MUD 23,TRUE,FALSE,6041585,19,2007-2025,5.13,HIGH
CLEVELAND MUD 1,2306775,CLEVELAND MUD 1,TRUE,FALSE,2306775,3,2023-2025,5.12,HIGH
HARRIS COUNTY MUD 345,3737945,HARRIS COUNTY MUD 345,TRUE,FALSE,3737945,9,2007-2015,5.12,HIGH
PASEO DEL ESTE MUD 02,7024950,PASEO DEL ESTE MUD 2,FALSE,FALSE,7024950,15,2011-2025,5.11,HIGH
NORTH AUSTIN MUD 1,5968600,NORTH AUSTIN MUD 1,TRUE,FALSE,5968600,19,2007-2025,5.08,HIGH
GALVESTON COUNTY MUD 52,3199932,GALVESTON COUNTY MUD 52,TRUE,FALSE,3199932,8,2018-2025,5.05,HIGH
HARRIS COUNTY MUD 217,3737502,HARRIS COUNTY MUD 217,TRUE,FALSE,3737502,19,2007-2025,5.05,HIGH
VELASCO DD,8272000,VELASCO DRAINAGE DISTRICT,FALSE,FALSE,8272000,13,2013-2025,5.04,HIGH
MONTGOMERY COUNTY MUD 24,5857840,MONTGOMERY COUNTY MUD 24,TRUE,FALSE,5857840,12,2007-2025,5.03,HIGH
MONTGOMERY COUNTY MUD 197,5857789,MONTGOMERY COUNTY MUD 197,TRUE,FALSE,5857789,1,2025-2025,5,HIGH
MONTGOMERY COUNTY MUD 199,5857782,MONTGOMERY COUNTY MUD 199,TRUE,FALSE,5857782,1,2025-2025,5,HIGH
REAGAN COUNTY WSD,7200000,REAGAN COUNTY WSD,TRUE,FALSE,7200000,10,2016-2025,4.99,HIGH
NORTH PARK PUD,5997000,NORTH PARK PUD,TRUE,FALSE,5997000,19,2007-2025,4.98,HIGH
HARRIS COUNTY MUD 043,3737134,HARRIS COUNTY MUD 43,FALSE,FALSE,3737134,19,2007-2025,4.96,HIGH
HURST CREEK MUD,4699700,HURST CREEK MUD,TRUE,FALSE,4699700,19,2007-2025,4.96,HIGH
GALVESTON COUNTY MUD 31,3202585,GALVESTON COUNTY MUD 31,TRUE,FALSE,3202585,15,2011-2025,4.95,HIGH
HARRIS COUNTY MUD 407,3737151,HARRIS COUNTY MUD 407,TRUE,FALSE,3737151,17,2009-2025,4.94,HIGH
WEST HARRIS COUNTY MUD 14,8472970,WEST HARRIS COUNTY MUD 14,TRUE,FALSE,8472970,15,2007-2021,4.94,HIGH
EAST TEXAS MUD OF SMITH COUNTY,7575000,EAST TEXAS MUD,FALSE,FALSE,7575000,19,2007-2025,4.93,HIGH
HARRIS COUNTY WCID 092,4205000,HARRIS COUNTY WCID 92,FALSE,FALSE,4205000,5,2007-2025,4.92,HIGH
FORT BEND COUNTY MUD 148,3079477,FORT BEND COUNTY MUD 148,TRUE,FALSE,3079477,19,2007-2025,4.91,HIGH
SABINE-NECHES ND OF JEFFERSON COUNTY,5030000,SABINE NECHES NAVIGATION DISTRICT,FALSE,FALSE,5030000,10,2007-2025,4.89,HIGH
EASTLAND COUNTY WSD,2801000,EASTLAND COUNTY WATER SUPPLY DISTRICT,FALSE,FALSE,2801000,19,2007-2025,4.89,HIGH
WINDFERN FOREST UD,8680500,WINDFERN FOREST UTILITY DISTRICT,FALSE,FALSE,8680500,19,2007-2025,4.89,HIGH
HOUSTON COUNTY WCID 1,4660000,HOUSTON COUNTY WCID 1,TRUE,FALSE,4660000,19,2007-2025,4.88,HIGH
FORT BEND COUNTY MUD 094,3080080,FORT BEND COUNTY MUD 94,FALSE,FALSE,3080080,19,2007-2025,4.84,HIGH
CINCO MUD 07,2286728,CINCO MUD 7,FALSE,FALSE,2286728,16,2007-2022,4.83,HIGH
MEADOWS AT CHANDLER CREEK MUD,5798350,MEADOWS AT CHANDLER CREEK MUD,TRUE,FALSE,5798350,16,2007-2022,4.82,HIGH
EAST MONTGOMERY COUNTY MUD 14,2801300,EAST MONTGOMERY COUNTY MUD 14,TRUE,FALSE,2801300,2,2024-2025,4.79,HIGH
FORT BEND COUNTY MUD 136,3081231,FORT BEND COUNTY MUD 136,TRUE,FALSE,3081231,14,2012-2025,4.78,HIGH
FORT BEND COUNTY MUD 108,3081800,FORT BEND COUNTY MUD 108,TRUE,FALSE,3081800,11,2007-2017,4.76,HIGH
HARRIS COUNTY UD 15,3744800,HARRIS COUNTY UTILITY DISTRICT 15,FALSE,FALSE,3744800,19,2007-2025,4.76,HIGH
NORTHWEST HARRIS COUNTY MUD 29,6041700,NORTHWEST HARRIS COUNTY MUD 29,TRUE,FALSE,6041700,12,2007-2018,4.76,HIGH
OAK POINT WCID 1,6183125,OAK POINT WCID 1,TRUE,FALSE,6183125,15,2011-2025,4.76,HIGH
FOUNTAINHEAD MUD,3099500,FOUNTAINHEAD MUD,TRUE,FALSE,3099500,19,2007-2025,4.74,HIGH
TRAVIS COUNTY MUD 05,7822600,TRAVIS COUNTY MUD 5,FALSE,FALSE,7822600,19,2007-2025,4.72,HIGH
HARRIS COUNTY MUD 191,3737450,HARRIS COUNTY MUD 191,TRUE,FALSE,3737450,10,2007-2016,4.71,HIGH
SPRING CREEK FOREST PUD,7591700,SPRING CREEK FOREST PUD,TRUE,FALSE,7591700,19,2007-2025,4.7,HIGH
HARRIS COUNTY WCID 050,3995000,HARRIS COUNTY WCID 50,FALSE,FALSE,3995000,11,2015-2025,4.69,HIGH
HARRIS COUNTY MUD 155,3737368,HARRIS COUNTY MUD 155,TRUE,FALSE,3737368,17,2007-2023,4.68,HIGH
LAKESIDE WCID 1,5314200,LAKESIDE WCID 1,TRUE,FALSE,5314200,19,2007-2025,4.66,HIGH
FORT BEND COUNTY MUD 159,3079312,FORT BEND COUNTY MUD 159,TRUE,FALSE,3079312,14,2012-2025,4.64,HIGH
CRESSON CROSSROADS MUD 2,2407500,CRESSON CROSSROADS MUD 2,TRUE,FALSE,2407500,2,2024-2025,4.62,HIGH
LEANDER MUD 3,5382750,LEANDER MUD 3,TRUE,FALSE,5382750,1,2025-2025,4.62,HIGH
SPENCER ROAD PUD,7589000,SPENCER ROAD PUD,TRUE,FALSE,7589000,19,2007-2025,4.6,HIGH
NORTHWEST HARRIS COUNTY MUD 09,6041300,NORTHWEST HARRIS COUNTY MUD 9,FALSE,FALSE,6041300,19,2007-2025,4.59,HIGH
SHASLA PUD,7557000,SHASLA PUD,TRUE,FALSE,7557000,19,2007-2025,4.59,HIGH
PLANTATION MUD,7108500,PLANTATION MUD,TRUE,FALSE,7108500,19,2007-2025,4.58,HIGH
GALVESTON COUNTY MUD 29,3202575,GALVESTON COUNTY MUD 29,TRUE,FALSE,3202575,5,2007-2011,4.56,HIGH
MONTGOMERY COUNTY MUD 92,5858166,MONTGOMERY COUNTY MUD 92,TRUE,FALSE,5858166,16,2010-2025,4.53,HIGH
RANCH AT CYPRESS CREEK MUD 1,7175400,RANCH AT CYPRESS CREEK MUD 1,TRUE,FALSE,7175400,15,2007-2021,4.52,HIGH
COTTONWOOD CREEK MUD 1,2404435,COTTONWOOD CREEK MUD 1,TRUE,FALSE,2404435,19,2007-2025,4.5,HIGH
MONTGOMERY COUNTY MUD 100,5857170,MONTGOMERY COUNTY MUD 100,TRUE,FALSE,5857170,2,2024-2025,4.5,HIGH
CHARLESTON MUD,2283125,CHARLESTON MUD,TRUE,FALSE,2283125,2,2024-2025,4.49,HIGH
NORTHWEST HARRIS COUNTY MUD 20,6041570,NORTHWEST HARRIS COUNTY MUD 20,TRUE,FALSE,6041570,8,2007-2014,4.48,HIGH
MONTGOMERY COUNTY MUD 148,6374296,MONTGOMERY COUNTY MUD 148,TRUE,FALSE,6374296,8,2018-2025,4.46,HIGH
PALO PINTO COUNTY WCID 1,6555000,PALO PINTO COUNTY WCID 1,TRUE,FALSE,6555000,14,2012-2025,4.46,HIGH
HARRIS COUNTY MUD 119,3737286,HARRIS COUNTY MUD 119,TRUE,FALSE,3737286,19,2007-2025,4.45,HIGH
FORT BEND COUNTY MUD 255,3078925,FORT BEND COUNTY MUD 255,TRUE,FALSE,3078925,1,2025-2025,4.45,HIGH
FORT BEND COUNTY MUD 192,3076688,FORT BEND COUNTY MUD 192,TRUE,FALSE,3076688,9,2017-2025,4.39,HIGH
GALVESTON COUNTY MUD 02,3201200,GALVESTON COUNTY MUD 2,FALSE,FALSE,3201200,7,2007-2013,4.37,HIGH
NORTHWEST HARRIS COUNTY MUD 28,6041680,NORTHWEST HARRIS COUNTY MUD 28,TRUE,FALSE,6041680,19,2007-2025,4.36,HIGH
GRAND LAKES WCID,3403030,GRAND LAKES WCID,TRUE,FALSE,3403030,19,2007-2025,4.34,HIGH
BELVEDERE MUD,1259500,BELVEDERE MUD,TRUE,FALSE,1259500,16,2010-2025,4.34,HIGH
FULSHEAR MUD 2,3128125,FULSHEAR MUD 2,TRUE,FALSE,3128125,7,2019-2025,4.33,HIGH
LAKE CITIES MUA,5301000,LAKE CITIES MUNICIPAL UTILITY AUTHORITY,FALSE,FALSE,5301000,17,2007-2025,4.32,HIGH
WEST HARRIS COUNTY MUD 16,8472974,WEST HARRIS COUNTY MUD 16,TRUE,FALSE,8472974,3,2023-2025,4.3,HIGH
STONEWALL RANCH MUD,7611500,STONEWALL RANCH MUD,TRUE,FALSE,7611500,16,2010-2025,4.29,HIGH
GALVESTON COUNTY MUD 03,3202000,GALVESTON COUNTY MUD 3,FALSE,FALSE,3202000,8,2007-2014,4.26,HIGH
RICELAND MANAGEMENT DISTRICT,7281325,RICELAND MANAGEMENT DISTRICT,TRUE,FALSE,7281325,1,2025-2025,4.24,HIGH
FORT BEND COUNTY LID 20,3071500,FORT BEND COUNTY LID 20,TRUE,FALSE,3071500,15,2011-2025,4.22,HIGH
NORTH CENTRAL TEXAS MWA,5980000,NORTH CENTRAL TEXAS MWA,TRUE,FALSE,5980000,19,2007-2025,4.22,HIGH
HARRIS COUNTY MUD 578,4395020,HARRIS COUNTY MUD 578,TRUE,FALSE,4395020,1,2025-2025,4.22,HIGH
FLAMINGO ISLES MUD,3054000,FLAMINGO ISLES MUD,TRUE,FALSE,3054000,19,2007-2025,4.2,HIGH
HARRIS COUNTY ID 15,3736407,HARRIS COUNTY IMPROVEMENT DISTRICT 15,FALSE,FALSE,3736407,7,2019-2025,4.2,HIGH
FORT BEND COUNTY LID 014,3073750,FORT BEND COUNTY LID 14,FALSE,FALSE,3073750,18,2007-2025,4.18,HIGH
PALMER PLANTATION MUD 1,6450000,PALMER PLANTATION MUD 1,TRUE,FALSE,6450000,13,2007-2025,4.12,HIGH
CHAMBERS COUNTY MUD 3,2267750,CHAMBERS COUNTY MUD 3,TRUE,FALSE,2267750,1,2025-2025,4.11,HIGH
MENARD COUNTY WCID 1,5820000,MENARD COUNTY WCID 1,TRUE,FALSE,5820000,9,2017-2025,4.1,HIGH
HARRIS COUNTY WCID 133,4241330,HARRIS COUNTY WCID 133,TRUE,FALSE,4241330,17,2009-2025,4.08,HIGH
WILLIAMSON COUNTY MUD 26,8664485,WILLIAMSON COUNTY MUD 26,TRUE,FALSE,8664485,6,2020-2025,4.05,HIGH
TERRANOVA WEST MUD,7776000,TERRANOVA WEST MUD,TRUE,FALSE,7776000,15,2007-2021,4.03,HIGH
POETRY ROAD MUD,7111969,POETRY ROAD MUD,TRUE,FALSE,7111969,1,2025-2025,4.01,HIGH
MONTGOMERY COUNTY MUD 185,5857707,MONTGOMERY COUNTY MUD 185,TRUE,FALSE,5857707,1,2025-2025,4,HIGH
HARRIS COUNTY MUD 023,3737094,HARRIS COUNTY MUD 23,FALSE,FALSE,3737094,7,2019-2025,4,HIGH
BRAZORIA COUNTY MUD 83,1534411,BRAZORIA COUNTY MUD 83,TRUE,FALSE,1534411,1,2025-2025,3.96,HIGH
HARRIS COUNTY MUD 202,3737472,HARRIS COUNTY MUD 202,TRUE,FALSE,3737472,6,2007-2025,3.92,HIGH
WESTWOOD SHORES MUD,8495000,WESTWOOD SHORES MUD,TRUE,FALSE,8495000,19,2007-2025,3.89,HIGH
SOUTH TEXAS WA,7585300,SOUTH TEXAS WATER AUTHORITY,FALSE,FALSE,7585300,13,2013-2025,3.87,HIGH
FORT BEND COUNTY MUD 176,3079438,FORT BEND COUNTY MUD 176,TRUE,FALSE,3079438,15,2011-2025,3.84,HIGH
WEST HARRIS COUNTY MUD 02,8472900,WEST HARRIS COUNTY MUD 2,FALSE,FALSE,8472900,19,2007-2025,3.84,HIGH
FORT BEND COUNTY MUD 068,3080028,FORT BEND COUNTY MUD 68,FALSE,FALSE,3080028,10,2007-2016,3.81,HIGH
BEXAR-MEDINA-ATASCOSA COUNTIES WCID 1,1530000,BEXAR-MEDINA-ATASCOSA COUNTIES WCID 1,TRUE,FALSE,1530000,10,2007-2016,3.79,HIGH
HARRIS COUNTY MUD 008,3737064,HARRIS COUNTY MUD 8,FALSE,FALSE,3737064,19,2007-2025,3.78,HIGH
MIDLOTHIAN MMD 3,5843469,MIDLOTHIAN MMD 3,TRUE,FALSE,5843469,5,2021-2025,3.73,HIGH
GALVESTON COUNTY MUD 79,3204907,GALVESTON COUNTY MUD 79,TRUE,FALSE,3204907,2,2024-2025,3.72,HIGH
NORTHWEST HARRIS COUNTY MUD 22,6041580,NORTHWEST HARRIS COUNTY MUD 22,TRUE,FALSE,6041580,19,2007-2025,3.71,HIGH
WALDEN POND FWSD,8328250,WALDEN POND FWSD,TRUE,FALSE,8328250,3,2023-2025,3.7,HIGH
LONGHORN TOWN UD,5447500,LONGHORN TOWN UTILITY DISTRICT,FALSE,FALSE,5447500,15,2007-2021,3.69,HIGH
GALVESTON COUNTY MUD 30,3202580,GALVESTON COUNTY MUD 30,TRUE,FALSE,3202580,18,2008-2025,3.69,HIGH
BAKER ROAD MUD,1173000,BAKER ROAD MUD,TRUE,FALSE,1173000,14,2007-2020,3.68,HIGH
TRAVIS COUNTY WCID 20,7966000,TRAVIS COUNTY WCID 20,TRUE,FALSE,7966000,18,2007-2025,3.68,HIGH
CINCO MUD 09,2286732,CINCO MUD 9,FALSE,FALSE,2286732,9,2007-2015,3.66,HIGH
HARRIS COUNTY MUD 572,9000011,HARRIS COUNTY MUD 572,TRUE,FALSE,9000011,1,2025-2025,3.66,HIGH
FORT BEND COUNTY MUD 041,3079972,FORT BEND COUNTY MUD 41,FALSE,FALSE,3079972,18,2007-2025,3.63,HIGH
WEST HARRIS COUNTY MUD 15,8472972,WEST HARRIS COUNTY MUD 15,TRUE,FALSE,8472972,19,2007-2025,3.62,HIGH
ALICE WA,990000,ALICE WATER AUTHORITY,FALSE,FALSE,990000,19,2007-2025,3.59,HIGH
RAYBURN COUNTRY MUD,7190050,RAYBURN COUNTRY MUD,TRUE,FALSE,7190050,18,2007-2025,3.58,HIGH
BEECHNUT MUD,1216400,BEECHNUT MUD,TRUE,FALSE,1216400,19,2007-2025,3.56,HIGH
HARRIS COUNTY MUD 415,3747158,HARRIS COUNTY MUD 415,TRUE,FALSE,3747158,10,2016-2025,3.55,HIGH
WEST HARRIS COUNTY MUD 04,8472920,WEST HARRIS COUNTY MUD 4,FALSE,FALSE,8472920,18,2007-2024,3.54,HIGH
FORT BEND COUNTY WCID 3,3091200,FORT BEND COUNTY WCID 3,TRUE,FALSE,3091200,19,2007-2025,3.54,HIGH
HARRIS COUNTY WCID 001,3750000,HARRIS COUNTY WCID 1,FALSE,FALSE,3750000,19,2007-2025,3.54,HIGH
NORTHWOOD MUD 1,6042880,NORTHWOOD MUD 1,TRUE,FALSE,6042880,19,2007-2025,3.51,HIGH
ELGIN MUD 2,2817763,ELGIN MUD 2,TRUE,FALSE,2817763,1,2025-2025,3.5,HIGH
THE COLONY MUD 1D,3198813,THE COLONY MUD 1D,TRUE,FALSE,3198813,2,2024-2025,3.5,HIGH
HARRIS COUNTY MUD 149,3737356,HARRIS COUNTY MUD 149,TRUE,FALSE,3737356,19,2007-2025,3.46,HIGH
CINCO MUD 02,2286718,CINCO MUD 2,FALSE,FALSE,2286718,10,2007-2016,3.44,HIGH
POLK COUNTY FWSD 2,7114100,POLK COUNTY FWSD 2,TRUE,FALSE,7114100,15,2007-2021,3.42,HIGH
GALVESTON COUNTY MUD 68,3202411,GALVESTON COUNTY MUD 68,TRUE,FALSE,3202411,16,2010-2025,3.41,HIGH
FORT BEND COUNTY MUD 134F,3081223,FORT BEND COUNTY MUD 134F,TRUE,FALSE,3081223,1,2025-2025,3.4,HIGH
LAMAR ID,5337000,LAMAR IMPROVEMENT DISTRICT,FALSE,FALSE,5337000,8,2018-2025,3.36,HIGH
CORNERSTONES MUD,2404375,CORNERSTONES MUD,TRUE,FALSE,2404375,19,2007-2025,3.32,HIGH
CINCO MUD 05,2286724,CINCO MUD 5,FALSE,FALSE,2286724,19,2007-2025,3.31,HIGH
FIRST COLONY LID 2,3036004,FIRST COLONY LID 2,TRUE,FALSE,3036004,7,2007-2013,3.31,HIGH
EL DORADO UD,2817500,EL DORADO UTILITY DISTRICT,FALSE,FALSE,2817500,19,2007-2025,3.3,HIGH
PASEO DEL ESTE MUD 11,7024825,PASEO DEL ESTE MUD 11,TRUE,FALSE,7024825,13,2013-2025,3.28,HIGH
COMAL COUNTY WID 1D,2390001,COMAL COUNTY WID 1D,TRUE,FALSE,2390001,2,2024-2025,3.27,HIGH
FORT BEND COUNTY MUD 232,3079838,FORT BEND COUNTY MUD 232,TRUE,FALSE,3079838,1,2025-2025,3.25,HIGH
HARRIS COUNTY MUD 222,3737512,HARRIS COUNTY MUD 222,TRUE,FALSE,3737512,15,2007-2021,3.24,HIGH
HARRIS COUNTY WCID 132,4241320,HARRIS COUNTY WCID 132,TRUE,FALSE,4241320,10,2016-2025,3.24,HIGH
WISE COUNTY MUD 4,8684550,WISE COUNTY MUD 4,TRUE,FALSE,8684550,2,2024-2025,3.23,HIGH
LA PORTE AREA WA,5357100,LA PORTE AREA WATER AUTHORITY,FALSE,FALSE,5357100,10,2007-2016,3.2,HIGH
INVERNESS FOREST ID,4715000,INVERNESS FOREST IMPROVEMENT DISTRICT,FALSE,FALSE,4715000,19,2007-2025,3.19,HIGH
POST WOOD MUD,7146100,POST WOOD MUD,TRUE,FALSE,7146100,18,2007-2025,3.19,HIGH
GALVESTON COUNTY MANAGEMENT DISTRICT 1,3200523,GALVESTON COUNTY MANAGEMENT DISTRICT 1,TRUE,FALSE,3200523,8,2018-2025,3.18,HIGH
HARRIS COUNTY MUD 421,3737200,HARRIS COUNTY MUD 421,TRUE,FALSE,3737200,7,2019-2025,3.15,HIGH
MONTGOMERY COUNTY MUD 40,5857992,MONTGOMERY COUNTY MUD 40,TRUE,FALSE,5857992,8,2007-2014,3.14,HIGH
EAST PLANTATION UD,2803000,EAST PLANTATION UTILITY DISTRICT,FALSE,FALSE,2803000,19,2007-2025,3.13,HIGH
HARRIS COUNTY WCID 136,4241360,HARRIS COUNTY WCID 136,TRUE,FALSE,4241360,19,2007-2025,3.13,HIGH
HARRIS COUNTY MUD 189,3737446,HARRIS COUNTY MUD 189,TRUE,FALSE,3737446,19,2007-2025,3.1,HIGH
HARRIS COUNTY MUD 316,3737828,HARRIS COUNTY MUD 316,TRUE,FALSE,3737828,16,2007-2022,3.07,HIGH
FORT BEND COUNTY MUD 067,3080026,FORT BEND COUNTY MUD 67,FALSE,FALSE,3080026,9,2007-2015,3.06,HIGH
WALLER COUNTY ID 2,8340313,WALLER COUNTY IMPROVEMENT DISTRICT 2,FALSE,FALSE,8340313,9,2017-2025,3.05,HIGH
EDWARDS AQUIFER AUTHORITY,2816600,EDWARDS AQUIFER AUTHORITY,TRUE,FALSE,2816600,14,2012-2025,3.04,HIGH
FORT BEND COUNTY MUD 199,3075141,FORT BEND COUNTY MUD 199,TRUE,FALSE,3075141,14,2012-2025,3.03,HIGH
KIRKMONT MUD,5196500,KIRKMONT MUD,TRUE,FALSE,5196500,18,2007-2025,3.02,HIGH
BRAZOS COUNTY MUD 2,1667750,BRAZOS COUNTY MUD 2,TRUE,FALSE,1667750,4,2022-2025,3,HIGH
CROCKETT COUNTY WCID 1,2410000,CROCKETT COUNTY WCID 1,TRUE,FALSE,2410000,19,2007-2025,2.92,HIGH
WESTADOR MUD,8463000,WESTADOR MUD,TRUE,FALSE,8463000,14,2007-2020,2.91,HIGH
HARRIS COUNTY MUD 144,3737346,HARRIS COUNTY MUD 144,TRUE,FALSE,3737346,18,2007-2024,2.88,HIGH
HARRIS COUNTY MUD 373,3738400,HARRIS COUNTY MUD 373,TRUE,FALSE,3738400,19,2007-2025,2.87,HIGH
MONTGOMERY COUNTY MUD 149,6202047,MONTGOMERY COUNTY MUD 149,TRUE,FALSE,6202047,2,2024-2025,2.85,HIGH
HARRIS COUNTY MUD 264,3737720,HARRIS COUNTY MUD 264,TRUE,FALSE,3737720,18,2007-2025,2.85,HIGH
HARRIS COUNTY MUD 405,3737201,HARRIS COUNTY MUD 405,TRUE,FALSE,3737201,12,2014-2025,2.85,HIGH
SHADY HOLLOW MUD,7556000,SHADY HOLLOW MUD,TRUE,FALSE,7556000,9,2011-2020,2.84,HIGH
WATCH HILL MUD,8454050,WATCH HILL MUD,TRUE,FALSE,8454050,3,2023-2025,2.83,HIGH
SOUTH SHORE HARBOUR MUD 3,7585204,SOUTH SHORE HARBOUR MUD 3,TRUE,FALSE,7585204,4,2007-2010,2.82,HIGH
WEST HARRIS COUNTY MUD 01,8472850,WEST HARRIS COUNTY MUD 1,FALSE,FALSE,8472850,13,2007-2025,2.79,HIGH
FRANKLIN COUNTY WD,3103000,FRANKLIN COUNTY WATER DISTRICT,FALSE,FALSE,3103000,18,2008-2025,2.79,HIGH
LLANO COUNTY MUD 1,5444000,LLANO COUNTY MUD 1,TRUE,FALSE,5444000,19,2007-2025,2.78,HIGH
ELDRIDGE ROAD MUD,2817650,ELDRIDGE ROAD MUD,TRUE,FALSE,2817650,5,2007-2011,2.78,HIGH
HARRIS COUNTY MUD 058,3737164,HARRIS COUNTY MUD 58,FALSE,FALSE,3737164,19,2007-2025,2.78,HIGH
HARRIS COUNTY WCID 156,4241500,HARRIS COUNTY WCID 156,TRUE,FALSE,4241500,14,2007-2020,2.77,HIGH
HARRIS COUNTY MUD 439,3737169,HARRIS COUNTY MUD 439,TRUE,FALSE,3737169,4,2022-2025,2.75,HIGH
CYPRESS FOREST PUD,2412700,CYPRESS FOREST PUD,TRUE,FALSE,2412700,19,2007-2025,2.74,HIGH
HARRIS COUNTY MUD 183,3737434,HARRIS COUNTY MUD 183,TRUE,FALSE,3737434,19,2007-2025,2.74,HIGH
CROSS ROADS SUD,2412075,CROSS ROADS SUD,TRUE,FALSE,2412075,7,2019-2025,2.73,HIGH
ORANGE COUNTY WCID 2,6240000,ORANGE COUNTY WCID 2,TRUE,FALSE,6240000,19,2007-2025,2.71,HIGH
HARRIS COUNTY UD 06,3743500,HARRIS COUNTY UTILITY DISTRICT 6,FALSE,FALSE,3743500,19,2007-2025,2.71,HIGH
JIM HOGG COUNTY WCID 2,5065000,JIM HOGG COUNTY WCID 2,TRUE,FALSE,5065000,19,2007-2025,2.71,HIGH
HARRIS COUNTY MUD 366,3738180,HARRIS COUNTY MUD 366,TRUE,FALSE,3738180,6,2007-2012,2.7,HIGH
MATAGORDA COUNTY ND 1,5740000,MATAGORDA COUNTY NAVIGATION DISTRICT 1,FALSE,FALSE,5740000,14,2007-2020,2.68,HIGH
MONTGOMERY COUNTY MUD 147,6546544,MONTGOMERY COUNTY MUD 147,TRUE,FALSE,6546544,2,2024-2025,2.68,HIGH
HARRIS COUNTY MUD 186,3737440,HARRIS COUNTY MUD 186,TRUE,FALSE,3737440,8,2007-2014,2.67,HIGH
WALLER COUNTY WCID 3,8367500,WALLER COUNTY WCID 3,TRUE,FALSE,8367500,1,2025-2025,2.65,HIGH
FREER WCID,3105000,FREER WCID,TRUE,FALSE,3105000,19,2007-2025,2.63,HIGH
HARRIS COUNTY UD 14,3744700,HARRIS COUNTY UTILITY DISTRICT 14,FALSE,FALSE,3744700,17,2007-2025,2.62,HIGH
GRAND OAKS MUD,3403300,GRAND OAKS MUD,TRUE,FALSE,3403300,18,2008-2025,2.61,HIGH
FORT BEND COUNTY MUD 069,3080030,FORT BEND COUNTY MUD 69,FALSE,FALSE,3080030,10,2007-2016,2.59,HIGH
CINCO MUD 03,2286720,CINCO MUD 3,FALSE,FALSE,2286720,19,2007-2025,2.54,HIGH
JASPER COUNTY WCID 1,4900000,JASPER COUNTY WCID 1,TRUE,FALSE,4900000,19,2007-2025,2.54,HIGH
FORT BEND COUNTY MUD 246,9000023,FORT BEND COUNTY MUD 246,TRUE,FALSE,9000023,1,2025-2025,2.5,HIGH
HARRIS COUNTY WCID-FONDREN ROAD,3745000,HARRIS COUNTY WCID-FONDREN ROAD,TRUE,FALSE,3745000,19,2007-2025,2.49,HIGH
HARRIS COUNTY MUD 261,3737714,HARRIS COUNTY MUD 261,TRUE,FALSE,3737714,19,2007-2025,2.48,HIGH
MIRALOMAS MUD,5395000,MIRALOMAS MUD,TRUE,FALSE,5395000,1,2025-2025,2.48,HIGH
VICTORIA COUNTY WCID 1,8310000,VICTORIA COUNTY WCID 1,TRUE,FALSE,8310000,19,2007-2025,2.46,HIGH
MONTGOMERY COUNTY FWSD 6,5856700,MONTGOMERY COUNTY FWSD 6,TRUE,FALSE,5856700,1,2025-2025,2.43,HIGH
HARRIS COUNTY MUD 250,3737600,HARRIS COUNTY MUD 250,TRUE,FALSE,3737600,19,2007-2025,2.42,HIGH
HARRIS COUNTY FWSD 58,3732000,HARRIS COUNTY FWSD 58,TRUE,FALSE,3732000,19,2007-2025,2.39,HIGH
MONTGOMERY COUNTY MUD 56,5858070,MONTGOMERY COUNTY MUD 56,TRUE,FALSE,5858070,19,2007-2025,2.39,HIGH
WHITE RIVER MWD,8540000,WHITE RIVER MWD,TRUE,FALSE,8540000,12,2014-2025,2.37,HIGH
FORT BEND COUNTY MUD 195,3075563,FORT BEND COUNTY MUD 195,TRUE,FALSE,3075563,1,2025-2025,2.36,HIGH
TARA GLEN MUD,7644500,TARA GLEN MUD,TRUE,FALSE,7644500,14,2007-2020,2.35,HIGH
WEST JEFFERSON COUNTY MWD,8473300,WEST JEFFERSON COUNTY MUNICIPAL WATER DISTRICT,FALSE,FALSE,8473300,15,2007-2021,2.35,HIGH
JIM WELLS COUNTY FWSD 1,5069000,JIM WELLS COUNTY FWSD 1,TRUE,FALSE,5069000,19,2007-2025,2.34,HIGH
MACEDONIA-EYLAU MUD 1,5600000,MACEDONIA-EYLAU MUD 1,TRUE,FALSE,5600000,19,2007-2025,2.34,HIGH
HARRIS COUNTY MUD 044,3737136,HARRIS COUNTY MUD 44,FALSE,FALSE,3737136,14,2007-2025,2.32,HIGH
MISSION BEND MUD 1,5853000,MISSION BEND MUD 1,TRUE,FALSE,5853000,14,2007-2025,2.3,HIGH
MONTGOMERY COUNTY MUD 160,5857578,MONTGOMERY COUNTY MUD 160,TRUE,FALSE,5857578,1,2025-2025,2.3,HIGH
CAPE ROYALE UD,2253800,CAPE ROYALE UTILITY DISTRICT,FALSE,FALSE,2253800,9,2007-2015,2.29,HIGH
LAKEVIEW POINT MUD,5323219,LAKEVIEW POINT MUD OF PALO PINTO COUNTY,FALSE,FALSE,5323219,2,2024-2025,2.28,HIGH
MASON CREEK UD,5677000,MASON CREEK UTILITY DISTRICT,FALSE,FALSE,5677000,15,2011-2025,2.27,HIGH
DENTON COUNTY FWSD 01A,2721811,DENTON COUNTY FWSD 1A,FALSE,FALSE,2721811,16,2010-2025,2.26,HIGH
MACKENZIE MWA,5662000,MACKENZIE MUNICIPAL WATER AUTHORITY,FALSE,FALSE,5662000,17,2007-2023,2.26,HIGH
HARDIN COUNTY WCID 1,3550000,HARDIN COUNTY WCID 1,TRUE,FALSE,3550000,19,2007-2025,2.26,HIGH
CYPRESS-KLEIN UD,2412800,CYPRESS KLEIN UTILITY DISTRICT,FALSE,FALSE,2412800,11,2007-2017,2.25,HIGH
HARRIS COUNTY MUD 170,3737408,HARRIS COUNTY MUD 170,TRUE,FALSE,3737408,19,2007-2025,2.24,HIGH
TRAVIS COUNTY WCID 18,7964000,TRAVIS COUNTY WCID 18,TRUE,FALSE,7964000,8,2007-2025,2.22,HIGH
CYPRESS CREEK UD,2412500,CYPRESS CREEK UTILITY DISTRICT,FALSE,FALSE,2412500,19,2007-2025,2.19,HIGH
HARRIS COUNTY ID 3,3736700,HARRIS COUNTY IMPROVEMENT DISTRICT 3,FALSE,FALSE,3736700,13,2013-2025,2.19,HIGH
RICHEY ROAD MUD,7281470,RICHEY ROAD MUD,TRUE,FALSE,7281470,14,2012-2025,2.17,HIGH
ROLLING FORK PUD,7317000,ROLLING FORK PUD,TRUE,FALSE,7317000,13,2007-2025,2.16,HIGH
PASEO DE LA RESACA MUD 2,7024400,PASEO DE LA RESACA MUD 2,TRUE,FALSE,7024400,18,2008-2025,2.15,HIGH
HARRIS COUNTY WCID 070,4095000,HARRIS COUNTY WCID 70,FALSE,FALSE,4095000,19,2007-2025,2.13,HIGH
HARRIS COUNTY MUD 255,3737702,HARRIS COUNTY MUD 255,TRUE,FALSE,3737702,8,2007-2014,2.12,HIGH
HARRIS COUNTY MUD 211,3737490,HARRIS COUNTY MUD 211,TRUE,FALSE,3737490,19,2007-2025,2.12,HIGH
HARRIS COUNTY MUD 147,3737352,HARRIS COUNTY MUD 147,TRUE,FALSE,3737352,14,2007-2020,2.11,HIGH
BRAZORIA COUNTY FWSD 2,1631750,BRAZORIA COUNTY FWSD 2,TRUE,FALSE,1631750,10,2016-2025,2.11,HIGH
CINCO MUD 06,2286726,CINCO MUD 6,FALSE,FALSE,2286726,18,2007-2024,2.1,HIGH
MONTGOMERY COUNTY MUD 16,5857560,MONTGOMERY COUNTY MUD 16,TRUE,FALSE,5857560,6,2020-2025,2.1,HIGH
HARRIS COUNTY MUD 528,3737204,HARRIS COUNTY MUD 528,TRUE,FALSE,3737204,2,2024-2025,2.1,HIGH
MEEKER MWD,5812700,MEEKER MUNICIPAL WATER DISTRICT,FALSE,FALSE,5812700,19,2007-2025,2.06,HIGH
HARRIS COUNTY MUD 275,3737740,HARRIS COUNTY MUD 275,TRUE,FALSE,3737740,9,2007-2015,2.03,HIGH
FORT CLARK MUD,3094000,FORT CLARK MUD,TRUE,FALSE,3094000,19,2007-2025,2.03,HIGH
MUENSTER WD,5891000,MUENSTER WATER DISTRICT,FALSE,FALSE,5891000,19,2007-2025,2.01,HIGH
CORYELL CITY WSD,2404400,CORYELL CITY WATER SUPPLY DISTRICT,FALSE,FALSE,2404400,2,2017-2018,2,HIGH
SEIS LAGOS UD,7554000,SEIS LAGOS UTILITY DISTRICT,FALSE,FALSE,7554000,19,2007-2025,1.98,HIGH
SPORTSMAN'S WORLD MUD,7591600,SPORTSMANS WORLD MUD,FALSE,FALSE,7591600,12,2007-2018,1.97,HIGH
HEATHERLOCH MUD,4421010,HEATHERLOCH MUD,TRUE,FALSE,4421010,19,2007-2025,1.97,HIGH
BEEVILLE WSD,1216600,BEEVILLE WATER SUPPLY DISTRICT,FALSE,FALSE,1216600,13,2007-2025,1.93,HIGH
JACKRABBIT ROAD PUD,4785000,JACKRABBIT ROAD PUBLIC UTILITY DISTRICT,FALSE,FALSE,4785000,5,2007-2011,1.9,HIGH
MAVERICK COUNTY WCID 1,5785000,MAVERICK COUNTY WCID 1,TRUE,FALSE,5785000,19,2007-2025,1.89,HIGH
WATERWOOD MUD 1,8455100,WATERWOOD MUD 1,TRUE,FALSE,8455100,19,2007-2025,1.85,HIGH
LUCE BAYOU PUD,5540000,LUCE BAYOU PUD,TRUE,FALSE,5540000,19,2007-2025,1.84,HIGH
HARRIS COUNTY MUD 208,3737484,HARRIS COUNTY MUD 208,TRUE,FALSE,3737484,19,2007-2025,1.82,HIGH
BOIS D'ARC MUD,1556000,BOIS DARC MUD,FALSE,FALSE,1556000,16,2010-2025,1.81,HIGH
CENTRAL WCID,2261000,CENTRAL WCID,TRUE,FALSE,2261000,19,2007-2025,1.81,HIGH
FORT BEND COUNTY MUD 019,3079500,FORT BEND COUNTY MUD 19,FALSE,FALSE,3079500,19,2007-2025,1.8,HIGH
MEMORIAL POINT UD,5813500,MEMORIAL POINT UTILITY DISTRICT,FALSE,FALSE,5813500,13,2007-2025,1.76,HIGH
FORT BEND COUNTY MUD 066,3080022,FORT BEND COUNTY MUD 66,FALSE,FALSE,3080022,17,2009-2025,1.76,HIGH
HARRIS COUNTY MUD 580,9000028,HARRIS COUNTY MUD 580,TRUE,FALSE,9000028,1,2025-2025,1.75,HIGH
SOUTHWEST HARRIS COUNTY MUD 1,7586900,SOUTHWEST HARRIS COUNTY MUD 1,TRUE,FALSE,7586900,19,2007-2025,1.73,HIGH
GREEN TRAILS MUD,3417700,GREEN TRAILS MUD,TRUE,FALSE,3417700,19,2007-2025,1.72,HIGH
MONTGOMERY COUNTY MUD 42,5857995,MONTGOMERY COUNTY MUD 42,TRUE,FALSE,5857995,19,2007-2025,1.69,HIGH
WEST KEEGANS BAYOU ID,8473400,WEST KEEGANS BAYOU IMPROVEMENT DISTRICT,FALSE,FALSE,8473400,6,2007-2012,1.67,HIGH
THE COLONY MUD 1E,3046157,THE COLONY MUD 1E,TRUE,FALSE,3046157,7,2019-2025,1.65,HIGH
BROOKELAND FWSD,1703200,BROOKELAND FWSD,TRUE,FALSE,1703200,19,2007-2025,1.64,HIGH
HARRIS COUNTY MUD 025,3737098,HARRIS COUNTY MUD 25,FALSE,FALSE,3737098,18,2008-2025,1.6,HIGH
UPPER JASPER COUNTY WA,8125000,UPPER JASPER COUNTY WATER AUTHORITY,FALSE,FALSE,8125000,19,2007-2025,1.6,HIGH
BASTROP COUNTY WCID 1,1207000,BASTROP COUNTY WCID 1,TRUE,FALSE,1207000,19,2007-2025,1.58,HIGH
FORT BEND COUNTY WCID 8,3092700,FORT BEND COUNTY WCID 8,TRUE,FALSE,3092700,16,2010-2025,1.57,HIGH
WEST TRAVIS COUNTY MUD 05,8488600,WEST TRAVIS COUNTY MUD 5,FALSE,FALSE,8488600,18,2007-2024,1.53,HIGH
TRAVIS COUNTY MUD 08,7823200,TRAVIS COUNTY MUD 8,FALSE,FALSE,7823200,19,2007-2025,1.52,HIGH
CINCO MUD 12,2286738,CINCO MUD 12,TRUE,FALSE,2286738,6,2007-2012,1.52,HIGH
BASTROP COUNTY MUD 1,1206100,BASTROP COUNTY MUD 1,TRUE,FALSE,1206100,19,2007-2025,1.5,HIGH
HARRIS COUNTY MUD 205,3737478,HARRIS COUNTY MUD 205,TRUE,FALSE,3737478,13,2007-2025,1.49,HIGH
ELLIS COUNTY WCID 1,2843000,ELLIS COUNTY WCID 1,TRUE,FALSE,2843000,2,2007-2008,1.44,HIGH
GRIMES COUNTY MUD 1,3421000,GRIMES COUNTY MUD 1,TRUE,FALSE,3421000,5,2007-2011,1.44,HIGH
HARRIS COUNTY WCID 113,4241130,HARRIS COUNTY WCID 113,TRUE,FALSE,4241130,7,2019-2025,1.44,HIGH
HARRIS COUNTY MUD 162,3737382,HARRIS COUNTY MUD 162,TRUE,FALSE,3737382,19,2007-2025,1.43,HIGH
LAKE AMANDA WCID 1,5300950,LAKE AMANDA WCID 1,TRUE,FALSE,5300950,8,2018-2025,1.41,HIGH
PASEO DE LA RESACA MUD 1,7024200,PASEO DE LA RESACA MUD 1,TRUE,FALSE,7024200,18,2008-2025,1.41,HIGH
NORTHWEST HARRIS COUNTY MUD 21,6041575,NORTHWEST HARRIS COUNTY MUD 21,TRUE,FALSE,6041575,7,2007-2025,1.4,HIGH
HARRIS COUNTY FWSD 06,3650000,HARRIS COUNTY FWSD 6,FALSE,FALSE,3650000,4,2007-2010,1.39,HIGH
HARRIS COUNTY MUD 122,3737302,HARRIS COUNTY MUD 122,TRUE,FALSE,3737302,19,2007-2025,1.39,HIGH
FRY ROAD MUD,3112000,FRY ROAD MUD,TRUE,FALSE,3112000,15,2007-2021,1.38,HIGH
PHELPS SUD,7104100,PHELPS SUD,TRUE,FALSE,7104100,1,2025-2025,1.38,HIGH
HARRIS COUNTY MUD 346,3737950,HARRIS COUNTY MUD 346,TRUE,FALSE,3737950,4,2007-2010,1.36,HIGH
SABINE PASS PORT AUTHORITY,7390000,SABINE PASS PORT AUTHORITY,TRUE,FALSE,7390000,19,2007-2025,1.35,HIGH
CLOVERCREEK MUD,2307100,CLOVERCREEK MUD,TRUE,FALSE,2307100,19,2007-2025,1.34,HIGH
KATY MANAGEMENT DISTRICT 1,4418006,KATY MANAGEMENT DISTRICT 1,TRUE,FALSE,4418006,4,2016-2019,1.34,HIGH
KENDALL COUNTY WCID 1,5190000,KENDALL COUNTY WCID 1,TRUE,FALSE,5190000,13,2007-2019,1.33,HIGH
CORINTHIAN POINT MUD 2,2404210,CORINTHIAN POINT MUD 2,TRUE,FALSE,2404210,19,2007-2025,1.31,HIGH
MONTGOMERY COUNTY MUD 36,5857975,MONTGOMERY COUNTY MUD 36,TRUE,FALSE,5857975,4,2022-2025,1.29,HIGH
PINE VILLAGE PUD,7107000,PINE VILLAGE PUD,TRUE,FALSE,7107000,15,2007-2021,1.28,HIGH
HARRIS COUNTY MUD 215,3737498,HARRIS COUNTY MUD 215,TRUE,FALSE,3737498,6,2007-2012,1.27,HIGH
FORT BEND COUNTY MUD 049,3079988,FORT BEND COUNTY MUD 49,FALSE,FALSE,3079988,19,2007-2025,1.26,HIGH
GALVESTON COUNTY MUD 12,3202520,GALVESTON COUNTY MUD 12,TRUE,FALSE,3202520,19,2007-2025,1.26,HIGH
FAYETTE COUNTY WCID-MONUMENT HILL,3035000,FAYETTE COUNTY WCID-MONUMENT HILL,TRUE,FALSE,3035000,11,2007-2025,1.24,HIGH
LOUETTA ROAD UD,5449000,LOUETTA ROAD UTILITY DISTRICT,FALSE,FALSE,5449000,14,2007-2025,1.21,HIGH
TUSCOLA-TAYLOR COUNTY WCID 1,8018000,TUSCOLA-TAYLOR COUNTY WCID 1,TRUE,FALSE,8018000,5,2021-2025,1.19,HIGH
BURLESON COUNTY MUD 1,1753000,BURLESON COUNTY MUD 1,TRUE,FALSE,1753000,19,2007-2025,1.18,HIGH
WELLS BRANCH MUD,8460000,WELLS BRANCH MUD,TRUE,FALSE,8460000,12,2007-2018,1.18,HIGH
SABINE RA,7400000,SABINE RIVER AUTHORITY,FALSE,FALSE,7400000,19,2007-2025,1.17,HIGH
SPRINGWOODS MUD,7593800,SPRINGWOODS MUD,TRUE,FALSE,7593800,4,2007-2010,1.17,HIGH
HARRIS COUNTY MUD 185,3737438,HARRIS COUNTY MUD 185,TRUE,FALSE,3737438,19,2007-2025,1.17,HIGH
HARRIS COUNTY MUD 286,3737766,HARRIS COUNTY MUD 286,TRUE,FALSE,3737766,7,2007-2013,1.16,HIGH
WEST TRAVIS COUNTY MUD 03,8488000,WEST TRAVIS COUNTY MUD 3,FALSE,FALSE,8488000,12,2007-2018,1.16,HIGH
DEERHAVEN WCID,2697100,DEERHAVEN WCID,TRUE,FALSE,2697100,12,2014-2025,1.12,HIGH
HARRIS COUNTY WCID 091,4200000,HARRIS COUNTY WCID 91,FALSE,FALSE,4200000,12,2007-2025,1.12,HIGH
SEQUOIA ID,7555500,SEQUOIA IMPROVEMENT DISTRICT,FALSE,FALSE,7555500,10,2016-2025,1.08,HIGH
TRAVIS COUNTY MUD 06,7822800,TRAVIS COUNTY MUD 6,FALSE,FALSE,7822800,19,2007-2025,1.05,HIGH
SAN JACINTO SUD,7492500,SAN JACINTO SUD,TRUE,FALSE,7492500,9,2017-2025,1.04,HIGH
MONTGOMERY COUNTY DD 06,5854000,MONTGOMERY COUNTY DRAINAGE DISTRICT 6,FALSE,FALSE,5854000,5,2007-2011,1,HIGH
KAUFMAN COUNTY FWSD 7A,7080011,KAUFMAN COUNTY FWSD 7A,TRUE,FALSE,7080011,2,2024-2025,1,HIGH
TEXAS NATIONAL MUD,7778500,TEXAS NATIONAL MUD,TRUE,FALSE,7778500,19,2007-2025,0.98,HIGH
EVADALE WCID 1,2891700,EVADALE WCID 1,TRUE,FALSE,2891700,19,2007-2025,0.96,HIGH
HARRIS COUNTY MUD 182,3737432,HARRIS COUNTY MUD 182,TRUE,FALSE,3737432,19,2007-2025,0.94,HIGH
NACOGDOCHES COUNTY MUD 1,5936000,NACOGDOCHES COUNTY MUD 1,TRUE,FALSE,5936000,6,2020-2025,0.94,HIGH
SAN ANTONIO MUD 1,7407000,SAN ANTONIO MUD 1,TRUE,FALSE,7407000,19,2007-2025,0.93,HIGH
HACIENDAS DEL NORTE WID,3470000,HACIENDAS DEL NORTE WID,TRUE,FALSE,3470000,16,2007-2022,0.92,HIGH
HARRIS COUNTY FWSD 27,3682000,HARRIS COUNTY FWSD 27,TRUE,FALSE,3682000,19,2007-2025,0.9,HIGH
ZAVALA COUNTY WCID 1,8840000,ZAVALA COUNTY WCID 1,TRUE,FALSE,8840000,19,2007-2025,0.89,HIGH
WEST HARRIS COUNTY MUD 06,8472930,WEST HARRIS COUNTY MUD 6,FALSE,FALSE,8472930,7,2007-2013,0.88,HIGH
BELL COUNTY WCID 3,1240000,BELL COUNTY WCID 3,TRUE,FALSE,1240000,19,2007-2025,0.87,HIGH
KINGSLAND MUD,5196200,KINGSLAND MUD,TRUE,FALSE,5196200,4,2011-2025,0.84,HIGH
DELTA COUNTY MUD,2721000,DELTA COUNTY MUD,TRUE,FALSE,2721000,19,2007-2025,0.83,HIGH
LAZY RIVER ID,5375000,LAZY RIVER IMPROVEMENT DISTRICT,FALSE,FALSE,5375000,18,2007-2025,0.82,HIGH
WEST CEDAR CREEK MUD,8469000,WEST CEDAR CREEK MUD,TRUE,FALSE,8469000,3,2007-2010,0.8,HIGH
ROMAN FOREST PUD 4,7323000,ROMAN FOREST PUD 4,TRUE,FALSE,7323000,18,2007-2025,0.76,HIGH
EMERALD BAY MUD,2874000,EMERALD BAY MUD,TRUE,FALSE,2874000,13,2007-2020,0.73,HIGH
WHITE OAK BEND MUD,8537000,WHITE OAK BEND MUD,TRUE,FALSE,8537000,19,2007-2025,0.72,HIGH
SAN DIEGO MUD 1,7466000,SAN DIEGO MUD 1,TRUE,FALSE,7466000,19,2007-2025,0.7,HIGH
TOM GREEN COUNTY FWSD 2,7796000,TOM GREEN COUNTY FWSD 2,TRUE,FALSE,7796000,19,2007-2025,0.66,HIGH
HARRIS COUNTY MUD 036,3737120,HARRIS COUNTY MUD 36,FALSE,FALSE,3737120,1,2007-2007,0.62,HIGH
RED CREEK MUD,7225500,RED CREEK MUD,TRUE,FALSE,7225500,19,2007-2025,0.57,HIGH
FORT BEND COUNTY MUD 037,3079964,FORT BEND COUNTY MUD 37,FALSE,FALSE,3079964,4,2007-2011,0.54,HIGH
ANGELINA COUNTY WCID 3,1010100,ANGELINA COUNTY WCID 3,TRUE,FALSE,1010100,19,2007-2025,0.54,HIGH
HARRIS COUNTY MUD 136,3737330,HARRIS COUNTY MUD 136,TRUE,FALSE,3737330,3,2007-2009,0.54,HIGH
KLEIN PUD,5197500,KLEIN PUD,TRUE,FALSE,5197500,5,2007-2011,0.52,HIGH
CORINTH MUD 1,2404200,CORINTH MUD 1,TRUE,FALSE,2404200,4,2007-2010,0.51,HIGH
REBECCA CREEK MUD,7215000,REBECCA CREEK MUD,TRUE,FALSE,7215000,9,2007-2015,0.5,HIGH
SIESTA SHORES WCID,7574000,SIESTA SHORES WCID,TRUE,FALSE,7574000,19,2007-2025,0.49,HIGH
VICTORIA COUNTY WCID 2,8320000,VICTORIA COUNTY WCID 2,TRUE,FALSE,8320000,15,2007-2025,0.48,HIGH
GLIDDEN FWSD 1,3397000,GLIDDEN FWSD 1,TRUE,FALSE,3397000,19,2007-2025,0.48,HIGH
BANDERA COUNTY FWSD 1,1190000,BANDERA COUNTY FWSD 1,TRUE,FALSE,1190000,11,2015-2025,0.48,HIGH
OAK HILL FWSD 1,6170000,OAK HILL FWSD 1,TRUE,FALSE,6170000,19,2007-2025,0.45,HIGH
BEACH ROAD MUD,1212800,BEACH ROAD MUD,TRUE,FALSE,1212800,19,2007-2025,0.44,HIGH
HARRIS COUNTY MUD 018,3737084,HARRIS COUNTY MUD 18,FALSE,FALSE,3737084,6,2007-2012,0.44,HIGH
BAYVIEW MUD,1212000,BAYVIEW MUD,TRUE,FALSE,1212000,17,2007-2025,0.42,HIGH
LEE COUNTY FWSD 1,5384000,LEE COUNTY FWSD 1,TRUE,FALSE,5384000,19,2007-2025,0.39,HIGH
MATAGORDA COUNTY WCID 2,5760000,MATAGORDA COUNTY WCID 2,TRUE,FALSE,5760000,14,2012-2025,0.39,HIGH
ARCHER COUNTY MUD 1,1048000,ARCHER COUNTY MUD 1,TRUE,FALSE,1048000,9,2007-2015,0.38,HIGH
MARKHAM MUD,5667000,MARKHAM MUD,TRUE,FALSE,5667000,13,2013-2025,0.38,HIGH
NUECES COUNTY WCID 5,6100000,NUECES COUNTY WCID 5,TRUE,FALSE,6100000,19,2007-2025,0.37,HIGH
FIRST COLONY LID,3036000,FIRST COLONY LID,TRUE,FALSE,3036000,7,2007-2013,0.36,HIGH
HARRIS COUNTY MUD 179,3737426,HARRIS COUNTY MUD 179,TRUE,FALSE,3737426,3,2009-2011,0.36,HIGH
WILLACY COUNTY ND,8650000,WILLACY COUNTY NAVIGATION DISTRICT,FALSE,FALSE,8650000,4,2007-2010,0.32,HIGH
COMMODORE COVE ID,2398000,COMMODORE COVE IMPROVEMENT DISTRICT,FALSE,FALSE,2398000,9,2007-2015,0.26,HIGH
HARRIS COUNTY MUD 163,3737384,HARRIS COUNTY MUD 163,TRUE,FALSE,3737384,2,2007-2008,0.24,HIGH
ANGELINA COUNTY WCID 4,1015050,ANGELINA COUNTY WCID 4,TRUE,FALSE,1015050,15,2011-2025,0.24,HIGH
GALVESTON COUNTY WCID 19,3374000,GALVESTON COUNTY WCID 19,TRUE,FALSE,3374000,19,2007-2025,0.21,HIGH
PORT MANSFIELD PUD,7140000,PORT MANSFIELD PUD,TRUE,FALSE,7140000,15,2007-2025,0.2,HIGH
FALLS COUNTY WCID 1,2893000,FALLS COUNTY WCID 1,TRUE,FALSE,2893000,9,2007-2015,0.2,HIGH
TERRELL COUNTY WCID 1,7778000,TERRELL COUNTY WCID 1,TRUE,FALSE,7778000,14,2007-2020,0.2,HIGH
STONEWALL WCID,7613000,STONEWALL WCID,TRUE,FALSE,7613000,4,2007-2010,0.17,HIGH
HULL FWSD,4696000,HULL FWSD,TRUE,FALSE,4696000,4,2007-2010,0.16,HIGH
SAN YGNACIO MUD,7544500,SAN YGNACIO MUD,TRUE,FALSE,7544500,19,2007-2025,0.15,HIGH
HARRIS COUNTY WCID 145,4241450,HARRIS COUNTY WCID 145,TRUE,FALSE,4241450,2,2007-2008,0.14,HIGH
BRAZORIA COUNTY FWSD 1,1630000,BRAZORIA COUNTY FWSD 1,TRUE,FALSE,1630000,6,2007-2012,0.13,HIGH
COLORADO COUNTY WCID 2,2370000,COLORADO COUNTY WCID 2,TRUE,FALSE,2370000,12,2007-2018,0.12,HIGH
RIVIERA WCID,7291500,RIVIERA WCID,TRUE,FALSE,7291500,10,2007-2016,0.11,HIGH
HUDSPETH COUNTY WCID 1,4685000,HUDSPETH COUNTY WCID 1,TRUE,FALSE,4685000,6,2007-2012,0.1,HIGH
NORTH ZULCH MUD,6042895,NORTH ZULCH MUD,TRUE,FALSE,6042895,16,2007-2022,0.1,HIGH
HENDERSON COUNTY LID 3,4425000,HENDERSON COUNTY LID 3,TRUE,FALSE,4425000,13,2007-2019,0.07,HIGH
ARANSAS COUNTY MUD 1,1038000,ARANSAS COUNTY MUD 1,TRUE,FALSE,1038000,1,2007-2007,0.06,HIGH
ISAACSON MUD,4757000,ISAACSON MUD,TRUE,FALSE,4757000,5,2007-2011,0.06,HIGH
HUNGERFORD MUD 1,4697000,HUNGERFORD MUD 1,TRUE,FALSE,4697000,4,2007-2010,0.04,HIGH
CALHOUN COUNTY DD 10,1880000,CALHOUN COUNTY DRAINAGE DISTRICT 10,FALSE,FALSE,1880000,9,2007-2015,0.02,HIGH
ANGELINA COUNTY FWSD 1,1003000,ANGELINA COUNTY FWSD 1,TRUE,FALSE,1003000,3,2007-2009,0.01,HIGH
TRAVIS COUNTY WCID 17 (A),7963000,TRAVIS COUNTY WCID 17,FALSE,FALSE,7963000,19,2007-2025,39.79,MANUAL
TRAVIS COUNTY WCID 17 (B) STEINER RANCH,7963000,TRAVIS COUNTY WCID 17,FALSE,FALSE,7963000,19,2007-2025,73.42,MANUAL
TRAVIS COUNTY WCID 17 (C) COMANCHE TRAIL,7963000,TRAVIS COUNTY WCID 17,FALSE,FALSE,7963000,,2007-2025,0.56,MANUAL
TRAVIS COUNTY WCID 17 (D) FLINTROCK RANCH ESTATES,7963000,TRAVIS COUNTY WCID 17,FALSE,FALSE,7963000,,2007-2025,16.84,MANUAL
SIENNA PLANTATION MUD 01,7573400,SIENNA REGIONAL MUD,FALSE,FALSE,7573400,8,2018-2025,24.16,MANUAL
SIENNA PLANTATION MUD 02,7573600,SIENNA MUD 2,FALSE,FALSE,7573600,19,2007-2025,19.59,MANUAL
SIENNA PLANTATION MUD 03,7573650,SIENNA MUD 3,FALSE,FALSE,7573650,19,2007-2025,35.8,MANUAL
SIENNA PLANTATION MUD 05,7573750,SIENNA MUD 5,FALSE,FALSE,7573750,10,2016-2025,30.56,MANUAL
SIENNA PLANTATION MUD 10,7573914,SIENNA MUD 10,FALSE,FALSE,7573914,19,2007-2025,50.93,MANUAL
SIENNA PLANTATION MANAGEMENT DISTRICT,7573200,SIENNA MANAGEMENT DISTRICT,FALSE,FALSE,7573200,17,2009-2025,31.68,MANUAL
